Episode,NumStateVars,TrainAgent,TrainMarket,TrainDifference,Holds,Buys,Shorts,Strategy Wins (%)
1,2,0.7318295477399552,1.1973819099440095,-0.46555236220405427,82,79,91,
2,2,0.7536246973341586,1.1283972264286286,-0.37477252909447,88,75,89,
3,2,0.9177795387024497,0.7110284221360138,0.20675111656643586,87,65,100,
4,2,0.9124310286094688,0.9245686772769829,-0.0121376486675141,90,75,87,
5,2,0.8766060633928157,1.0418118466898947,-0.16520578329707902,89,69,94,
6,2,0.9076955038762937,1.1428710178710162,-0.23517551399472247,68,94,90,
7,2,0.671147408437272,1.1421447411803505,-0.4709973327430784,82,95,75,
8,2,0.8037854637184121,1.1865838509316755,-0.3827983872132634,91,80,81,
9,2,0.8034303105645297,1.018533045695235,-0.21510273513070532,87,95,70,
10,2,0.8340881262391927,1.1897516752069364,-0.35566354896774366,79,84,89,
11,2,0.7842236787611829,1.1416999104453316,-0.35747623168414866,87,87,78,
12,2,0.7509219031512726,1.0949703458368638,-0.3440484426855912,87,75,90,
13,2,0.793476104976963,1.282262030207235,-0.488785925230272,111,70,71,
14,2,0.6399660643924512,1.2613323871196658,-0.6213663227272146,98,79,75,
15,2,0.770758388895586,1.1325028312570793,-0.3617444423614933,91,81,80,
16,2,0.9732331096233845,1.133113778816533,-0.15988066919314858,105,64,83,
17,2,0.8654563971917435,1.1234073534765194,-0.25795095628477593,80,88,84,
18,2,0.8305739115178883,1.1451295506723511,-0.31455563915446283,85,78,89,
19,2,0.7374053810244924,0.9876069206842906,-0.2502015396597982,66,97,89,
20,2,0.7541103979831622,1.0865177346658847,-0.3324073366827226,72,90,90,
21,2,0.7997039980193714,1.1191119464348642,-0.3194079484154928,81,99,72,
22,2,1.0162464253473729,1.1206094334458552,-0.10436300809848231,87,91,74,
23,2,0.685791839253728,1.2441442422921885,-0.5583524030384605,73,102,77,
24,2,0.8456445792059202,1.2862274588691704,-0.44058287966325027,81,98,73,
25,2,0.8095713202358754,1.0394229395800603,-0.22985161934418485,80,90,82,
26,2,0.6707668482090311,1.1476172354010752,-0.4768503871920441,76,101,75,
27,2,0.7973885964954505,1.0438399467598383,-0.2464513502643878,69,117,66,
28,2,0.8796950798438838,1.0340478080620945,-0.15435272821821067,85,88,79,
29,2,0.785243243668058,1.1234073534765194,-0.33816410980846145,65,104,83,
30,2,0.792458580581367,1.078694982017471,-0.28623640143610396,90,83,79,
31,2,0.8036535153869733,1.1013739946380705,-0.29772047925109724,81,91,80,
32,2,0.5510780268796237,0.5953554310403022,-0.04427740416067849,83,90,79,
33,2,0.7612627311861228,1.109170305676858,-0.3479075744907353,84,93,75,
34,2,0.7334794803477509,1.0485298529852978,-0.31505037263754687,83,89,80,
35,2,0.7646726394064571,1.126229012252306,-0.36155637284584885,81,92,79,
36,2,0.715807371034785,1.197928939046318,-0.48212156801153294,81,84,87,
37,2,0.7659418751042775,1.220218143123175,-0.4542762680188974,92,91,69,
38,2,0.9024535441413729,1.1090677966101716,-0.20661425246879872,95,87,70,
39,2,0.6926094535120925,1.359976525821598,-0.6673670723095054,86,107,59,
40,2,0.791638837484907,1.1842627568986517,-0.39262391941374464,95,98,59,
41,2,0.8745584215788318,1.1021990863699163,-0.22764066479108447,67,103,82,
42,2,0.7687302100909982,1.1545399393326585,-0.38580972924166035,55,118,79,
43,2,0.810042854569723,1.2022185970636208,-0.39217574249389775,79,98,75,
44,2,0.8137331068891219,1.2613323871196658,-0.44759928023054385,65,126,61,
45,2,0.90996495262547,0.9395355324639086,-0.029570579838438693,79,115,58,
46,2,0.7137539412238849,1.0937956559851951,-0.3800417147613102,63,123,66,
47,2,1.06092032158248,1.0742457007517239,-0.013325379169243812,78,112,62,
48,2,1.2040584426649643,0.5767513359197709,0.6273071067451934,79,105,68,
49,2,0.6521960025082281,0.8428581022093882,-0.1906620997011601,82,91,79,
50,2,0.738739055282574,1.1966480446927374,-0.45790898941016345,70,97,85,
51,2,0.7386067362517722,1.1109729561703456,-0.37236621991857344,74,103,75,
52,2,0.7446027381454522,1.066862013851892,-0.32225927570643986,74,109,69,
53,2,0.9525748181455289,1.1382228490832127,-0.18564803093768378,79,99,74,
54,2,0.6942704356623586,1.1396914885286953,-0.4454210528663367,68,125,59,
55,2,0.9019409618867377,1.2603183546978447,-0.35837739281110703,76,111,65,
56,2,0.8658554947781633,1.056293261760136,-0.19043776698197268,72,121,59,
57,2,0.8204432734657607,1.5827367841409712,-0.7622935106752105,88,104,60,
58,2,0.7060137224514378,1.0652573529411746,-0.35924363048973684,82,98,72,
59,2,0.8119496466245092,1.1895424836601296,-0.3775928370356204,84,106,62,
60,2,0.7367946363207359,1.1148410702035225,-0.3780464338827866,74,124,54,
61,2,0.7375712935510167,1.1235643564356412,-0.38599306288462454,85,106,61,
62,2,0.9411511797502958,1.004275026718915,-0.06312384696861928,80,114,58,
63,2,0.6736893563829577,0.9723534384167879,-0.2986640820338302,78,105,69,
64,2,0.7043165850588651,1.1107100429498318,-0.4063934578909667,82,110,60,
65,2,0.6920320850233539,1.1238065177937338,-0.43177443277037986,87,108,57,
66,2,0.7501037607913914,1.2342375366568916,-0.4841337758655002,81,102,69,
67,2,1.046710087478832,1.4979034221560936,-0.45119333467726164,75,110,67,
68,2,0.7391803529824745,0.9357692827232201,-0.1965889297407456,82,114,56,
69,2,0.9769871038333159,1.1467301862278054,-0.16974308239448954,86,114,52,
70,2,0.62119100135005,0.929366197183098,-0.308175195833048,76,122,54,
71,2,0.8499207115238661,0.9178364987613546,-0.06791578723748859,75,122,55,
72,2,0.8917272193460143,1.172029859558855,-0.2803026402128407,77,112,63,
73,2,0.8530523966295486,1.0248760623229447,-0.17182366569339613,86,109,57,
74,2,0.6013509157102922,0.622944830105955,-0.021593914395662828,78,117,57,
75,2,0.7525443291812296,1.074638233054074,-0.3220939038728444,76,118,58,
76,2,0.5985736484172453,1.0576212384041026,-0.45904758998685735,75,123,54,
77,2,0.8623513296364159,1.0964782710098735,-0.23412694137345758,61,125,66,
78,2,1.0449215873826856,1.066862013851892,-0.021940426469206464,80,124,48,
79,2,0.7931506672374771,1.2274210084816861,-0.43427034124420905,78,112,62,
80,2,0.9094459202792006,1.1778021620742916,-0.268356241795091,82,111,59,
81,2,0.7097247988216991,1.254108304841733,-0.5443835060200338,71,125,56,
82,2,0.7606372062101944,1.099281953087604,-0.33864474687740953,69,120,63,
83,2,0.9409805888210252,1.0105644208037823,-0.06958383198275708,79,115,58,
84,2,0.7351052334535745,1.4285014091410373,-0.6933961756874628,83,107,62,
85,2,0.8547324414097355,1.0976393941957865,-0.242906952786051,65,132,55,
86,2,0.8737500881930256,1.1943950594179868,-0.3206449712249613,78,113,61,
87,2,0.8269431706688385,1.197821634704896,-0.3708784640360575,71,127,54,
88,2,0.8062001023616633,1.1098323516085185,-0.30363224924685517,70,124,58,
89,2,0.8489296078004871,1.139923529664478,-0.290993921863991,62,137,53,
90,2,0.8848572012331658,1.116453351296734,-0.23159615006356826,68,129,55,
91,2,0.9895992722201475,1.1025463192311495,-0.112947047011002,81,110,61,
92,2,0.8768827147324033,1.2011133200795234,-0.3242306053471201,75,123,54,
93,2,0.8740532130009655,1.1390591907256722,-0.2650059777247067,77,131,44,
94,2,0.7265491194971558,1.1787324946593885,-0.4521833751622326,59,131,62,
95,2,0.7738056102292681,0.9376490856082681,-0.16384347537900001,58,157,37,
96,2,0.7602655937872947,0.6101242761402818,0.150141317647013,62,129,61,
97,2,0.8260411409490349,1.120216503655873,-0.2941753627068382,60,134,58,
98,2,0.983824014358531,1.2957039458323611,-0.3118799314738302,60,152,40,
99,2,0.8338462554233003,0.9924992787768058,-0.1586530233535055,68,134,50,
100,2,0.8051245193807102,1.0479213776308929,-0.2427968582501827,61,144,47,3.0
101,2,1.1649299416971797,1.4285014091410373,-0.2635714674438576,70,130,52,3.0
102,2,0.6789175207488665,1.0253957504444262,-0.34647822969555975,60,146,46,3.0
103,2,0.9047290262052077,1.1312670190613492,-0.2265379928561415,68,138,46,2.0
104,2,0.8597216936442262,1.073796415602671,-0.21407472195844468,57,152,43,2.0
105,2,0.8279526454980562,1.2362386881676524,-0.4082860426695961,68,129,55,2.0
106,2,1.0054197195429464,1.1645801097200732,-0.1591603901771268,65,140,47,2.0
107,2,1.0720028803011028,1.1412970304435615,-0.06929415014245865,63,142,47,2.0
108,2,0.9355352484805463,1.1460685091475282,-0.21053326066698197,72,140,40,2.0
109,2,0.8619772694563702,1.2672413793103456,-0.40526410985397543,65,128,59,2.0
110,2,0.8171396266910457,0.7845123091305699,0.032627317560475766,66,134,52,3.0
111,2,0.789657268805808,1.2405130540376432,-0.4508557852318352,81,115,56,3.0
112,2,0.8890087783494408,1.1566794636399051,-0.26767068529046434,71,138,43,3.0
113,2,0.8683611733299352,1.1674300254452918,-0.2990688521153566,63,145,44,3.0
114,2,0.8924388734447738,0.93549471984933,-0.043055846404556175,49,153,50,3.0
115,2,0.8891419131483737,1.1462807172902396,-0.25713880414186596,61,151,40,3.0
116,2,0.9525360214552789,0.9933155080213893,-0.04077948656611041,62,139,51,3.0
117,2,0.9918920557404406,1.0435978404807993,-0.051705784740358696,61,149,42,3.0
118,2,1.1481865394814408,1.0037119878170642,0.14447455166437662,52,150,50,4.0
119,2,0.8137876216829178,0.8373050698710588,-0.023517448188140944,55,151,46,4.0
120,2,0.8194377678790778,1.151575209546225,-0.3321374416671472,66,154,32,4.0
121,2,0.850247427233324,1.2129400099157166,-0.3626925826823926,51,152,49,4.0
122,2,0.612716918228191,0.7710088906068788,-0.15829197237868786,58,157,37,4.0
123,2,0.8651024978331264,1.1923467660006775,-0.32724426816755103,64,150,38,4.0
124,2,0.8563102941465411,1.1222556253985616,-0.26594533125202047,54,155,43,4.0
125,2,0.9512335018802573,1.0473679661163446,-0.09613446423608729,49,149,54,4.0
126,2,0.849289935294774,1.220273215329825,-0.370983280035051,54,157,41,4.0
127,2,0.6364548028339126,0.7036711891460493,-0.06721638631213667,53,164,35,4.0
128,2,0.8804043042596635,1.3719731479261577,-0.4915688436664941,45,164,43,4.0
129,2,0.8303513262366662,1.1155463302996462,-0.28519500406298004,54,158,40,4.0
130,2,0.7764641811184607,1.066229066733989,-0.2897648856155284,49,162,41,4.0
131,2,0.8708000433337818,1.0272809223323993,-0.1564808789986175,45,170,37,4.0
132,2,0.993428129795444,1.220487952720109,-0.22705982292466487,53,162,37,4.0
133,2,0.9013123611234589,1.0977714477211804,-0.1964590865977215,69,135,48,4.0
134,2,1.0179640706051676,1.1018990775908863,-0.08393500698571876,46,175,31,4.0
135,2,0.687494655317229,1.0289751641450182,-0.34148050882778924,53,164,35,4.0
136,2,0.8344659067703496,1.1317048486521306,-0.297238941881781,53,155,44,4.0
137,2,0.848529424404118,1.1550553769203278,-0.30652595251620973,44,172,36,4.0
138,2,0.6942173599633233,0.9058224163027656,-0.21160505633944227,57,156,39,4.0
139,2,0.9187711298869528,1.1720124696917225,-0.2532413398047697,46,172,34,4.0
140,2,0.9433932445338584,1.1194117962754266,-0.17601855174156822,43,182,27,4.0
141,2,0.8807993245895028,1.0986326344576107,-0.2178333098681079,47,162,43,4.0
142,2,0.8151172228042841,1.1707377049180328,-0.35562048211374864,46,159,47,4.0
143,2,0.7998206240804817,1.1403406244782082,-0.34052000039772645,39,173,40,4.0
144,2,1.0536851749804894,1.118255439555081,-0.06457026457459158,50,176,26,4.0
145,2,0.935589445862507,1.233523544017078,-0.29793409815457095,50,163,39,4.0
146,2,0.8869205134335725,1.1203178206583417,-0.23339730722476926,50,169,33,4.0
147,2,0.90390201094218,1.0642477019835508,-0.16034569104137075,42,175,35,4.0
148,2,1.3997017349894116,1.565593196709887,-0.16589146172047542,37,181,34,3.0
149,2,0.8453166909429705,1.1621803176431083,-0.3168636267001378,44,171,37,3.0
150,2,0.9326949483937097,1.1389392565729803,-0.20624430817927064,49,164,39,3.0
151,2,0.6171036572759873,0.8795629988224526,-0.26245934154646533,39,179,34,3.0
152,2,0.7495799549968367,1.0431687094448452,-0.29358875444800847,58,161,33,3.0
153,2,0.970879340690325,1.159065436675577,-0.18818609598525204,56,171,25,3.0
154,2,0.8398699560790253,1.0881527231892199,-0.2482827671101946,41,180,31,3.0
155,2,0.9586412030048377,1.2144030025803427,-0.25576179957550504,41,179,32,3.0
156,2,0.8306041830305401,1.1538797072650586,-0.32327552423451855,49,161,42,3.0
157,2,0.5914289845328655,0.6404100529100527,-0.04898106837718719,41,175,36,3.0
158,2,0.8602356677184936,1.1605111899229557,-0.3002755222044621,43,177,32,3.0
159,2,0.8906100043755151,0.7884817441555033,0.10212826022001176,35,180,37,4.0
160,2,0.966475108678413,1.2096530920060344,-0.24317798332762142,33,186,33,4.0
161,2,0.9473743001978417,1.0925540577218846,-0.14517975752404289,43,181,28,4.0
162,2,0.980422341955727,1.154435770049679,-0.17401342809395204,40,183,29,4.0
163,2,0.9001362846174039,0.9292456033136413,-0.02910931869623734,32,191,29,4.0
164,2,0.9758249622577695,1.3950833042059918,-0.4192583419482223,37,185,30,4.0
165,2,0.8641390207996726,1.1759308589356547,-0.3117918381359821,42,180,30,4.0
166,2,0.795330123907901,1.2905002294630563,-0.4951701055551553,38,187,27,4.0
167,2,0.7973379908500017,1.0862428584383772,-0.2889048675883755,35,185,32,4.0
168,2,0.897263719365976,1.062748915833259,-0.165485196467283,29,194,29,4.0
169,2,0.8351690505392385,1.1554483462448406,-0.3202792957056021,38,191,23,4.0
170,2,0.7294164963966567,1.0045268274087473,-0.2751103310120906,30,189,33,4.0
171,2,0.645561557166865,0.9179079617379713,-0.27234640457110626,32,192,28,4.0
172,2,1.0044300013100667,1.2129400099157166,-0.20851000860564994,38,189,25,4.0
173,2,0.8743138392548279,1.142922166590805,-0.26860832733597706,33,190,29,4.0
174,2,1.029184590476757,1.1142960812772134,-0.08511149080045644,38,199,15,4.0
175,2,0.7744352089511315,0.984147264811659,-0.20971205586052755,31,190,31,4.0
176,2,0.8204592741171753,1.0853935992719563,-0.264934325154781,27,205,20,4.0
177,2,0.7412172480012063,1.013340657615946,-0.2721234096147398,39,188,25,4.0
178,2,0.8872777435004068,1.208934561524946,-0.32165681802453927,37,182,33,4.0
179,2,0.9915513636492974,1.0000473933649283,-0.008496029715630904,18,209,25,4.0
180,2,0.8999388441872829,1.0312942155638762,-0.13135537137659337,23,207,22,4.0
181,2,0.9206010210255747,1.1410887030660752,-0.2204876820405005,31,202,19,4.0
182,2,1.0141211258328124,1.1039499527169543,-0.08982882688414184,29,197,26,4.0
183,2,0.9278382020548743,1.0191838158353668,-0.09134561378049244,18,206,28,4.0
184,2,0.8132685597386765,0.929366197183098,-0.11609763744442148,39,199,14,4.0
185,2,1.005209873801767,0.804805289042973,0.20040458475879397,33,194,25,5.0
186,2,0.979457865518324,1.121232269503545,-0.141774403985221,32,196,24,5.0
187,2,0.9371879514874495,1.161811856197558,-0.2246239047101084,33,196,23,5.0
188,2,0.8069221073666881,1.0505321527591445,-0.24361004539245634,30,192,30,5.0
189,2,0.9851309145330668,1.1398179955402896,-0.15468708100722284,40,186,26,5.0
190,2,0.7922262184518322,1.0365365743187138,-0.24431035586688166,26,212,14,5.0
191,2,0.9800830265861629,1.007788461538462,-0.027705434952299157,20,217,15,5.0
192,2,0.9392800585024409,1.087730337078651,-0.14845027857621018,36,188,28,5.0
193,2,1.0305552529923407,1.1808458920758371,-0.15029063908349638,25,211,16,5.0
194,2,0.8766775623931922,1.1181721398738846,-0.24149457748069247,24,204,24,5.0
195,2,1.1868763058688911,1.027599120735978,0.1592771851329131,20,213,19,6.0
196,2,0.9237161402583755,1.046111014442317,-0.12239487418394146,21,206,25,5.0
197,2,1.0046709283850237,1.1918190702219735,-0.18714814183694983,33,197,22,5.0
198,2,0.9825897731031337,1.1344571868541535,-0.15186741375101986,23,212,17,5.0
199,2,0.9664692237870756,1.161725296694883,-0.19525607290780744,19,212,21,5.0
200,2,1.2960674435966304,1.3852562484221163,-0.08918880482548586,22,217,13,5.0
201,2,1.1057898214793207,1.224692737430167,-0.11890291595084634,27,209,16,5.0
202,2,0.6232646022806742,0.6187518485655117,0.004512753715162465,20,215,17,6.0
203,2,0.9682651803729039,1.0519927169735,-0.08372753660059606,27,217,8,6.0
204,2,0.9882224906136214,1.3359981189748418,-0.34777562836122033,26,209,17,6.0
205,2,0.8728297838413277,1.0791459220859227,-0.20631613824459505,22,220,10,6.0
206,2,0.7553338494063242,0.7603677621283252,-0.005033912722001044,18,218,16,6.0
207,2,1.0741421118519872,1.1069318345582948,-0.032789722706307645,26,208,18,6.0
208,2,1.2593197309937574,1.0151735765192735,0.24414615447448385,15,222,15,7.0
209,2,1.1317447341974756,1.2265254505216574,-0.09478071632418184,13,226,13,7.0
210,2,0.9359673211663074,1.0388224154256676,-0.10285509425936012,15,227,10,6.0
211,2,1.0745096658249804,1.1202543142597625,-0.0457446484347821,19,224,9,6.0
212,2,0.9530262933918354,1.0723568668774148,-0.1193305734855794,22,218,12,6.0
213,2,1.075382006512557,1.17703217515032,-0.1016501686377631,13,231,8,6.0
214,2,0.845053856517557,0.9956530428699929,-0.15059918635243585,18,216,18,6.0
215,2,0.9452618742788866,1.0871236386931455,-0.1418617644142589,8,230,14,6.0
216,2,0.9362965659372467,1.0145282153234436,-0.07823164938619687,13,222,17,6.0
217,2,0.9629844992507993,1.0290258740746163,-0.066041374823817,15,226,11,6.0
218,2,0.8941613217404123,0.9061349693251534,-0.011973647584741065,11,230,11,5.0
219,2,0.9283476940354285,1.096358043068374,-0.16801034903294543,14,222,16,5.0
220,2,0.8555380026295792,0.9963102590839827,-0.1407722564544035,8,234,10,5.0
221,2,0.9887800279633773,1.1429915718844614,-0.15421154392108416,19,216,17,5.0
222,2,1.2073450617916086,1.277251519864272,-0.06990645807266338,10,237,5,5.0
223,2,0.9647470521819759,1.0919478855190092,-0.12720083333703336,10,233,9,5.0
224,2,0.6250461061048093,0.6067490074988955,0.018297098605913775,10,233,9,6.0
225,2,1.0837131099336412,1.1918190702219735,-0.1081059602883323,12,231,9,6.0
226,2,1.1372977646522249,1.0018946570670704,0.1354031075851545,7,234,11,7.0
227,2,1.1658415117189223,1.1658949243098844,-5.3412590962143014e-05,10,232,10,7.0
228,2,1.0147881332836917,1.1568378365173204,-0.14204970323362875,8,240,4,7.0
229,2,1.0190186453471999,1.0909836065573761,-0.07196496121017626,5,237,10,7.0
230,2,0.8064453797818665,0.7779705117085854,0.028474868073281034,9,241,2,8.0
231,2,0.9435615968078339,0.9279889271285344,0.015572669679299489,7,235,10,9.0
232,2,1.1036055606567146,1.175609184629802,-0.07200362397308746,13,232,7,9.0
233,2,1.0320486788837528,1.1367784324972616,-0.10472975361350878,12,235,5,9.0
234,2,1.0162488338330338,1.0888702773124903,-0.07262144347945654,11,235,6,9.0
235,2,1.392008407722711,1.439113049800074,-0.04710464207736287,7,239,6,9.0
236,2,1.0504830257511337,1.1183713143968028,-0.06788828864566909,12,235,5,9.0
237,2,1.160423936742836,1.2578238875075005,-0.09739995076466457,5,244,3,9.0
238,2,1.1018668480273655,1.131684027777777,-0.02981717975041165,7,231,14,9.0
239,2,1.1745536702099482,1.2736660929432015,-0.09911242273325338,4,245,3,9.0
240,2,1.0997764719346497,1.1564504258227313,-0.05667395388808161,3,240,9,9.0
241,2,1.1291561583943268,1.1528851614030506,-0.023729003008723826,8,238,6,9.0
242,2,1.0018794034354823,1.018792149731,-0.016912746295517644,2,250,0,9.0
243,2,1.087891999824725,1.124443962243681,-0.036551962418956085,3,245,4,9.0
244,2,1.204551257724643,1.2500110546097714,-0.045459796885128245,8,242,2,9.0
245,2,0.9745937331860841,0.9991658451505275,-0.02457211196444342,5,245,2,9.0
246,2,1.1497938520936315,1.2651455546813526,-0.1153517025877211,9,239,4,9.0
247,2,1.0197014554053068,1.0576564962039807,-0.037955040798673956,2,249,1,9.0
248,2,1.1614398130459156,1.303304715982593,-0.14186490293667742,4,246,2,9.0
249,2,1.236846812283136,1.2787732598208132,-0.04192644753767727,2,249,1,9.0
250,2,1.0278760683597752,1.0570719602977658,-0.02919589193799066,3,248,1,9.0
251,2,0.5807525222762162,0.6219557059818993,-0.0412031837056831,2,249,1,9.0
252,2,0.8103371463011662,0.8354464709471824,-0.02510932464601623,1,250,1,9.0
253,2,1.0554190436699429,1.0822388672275822,-0.026819823557639344,0,252,0,9.0
254,2,1.0867990735197681,1.1169026169026146,-0.030103543382846487,1,251,0,9.0
255,2,1.1185747622666258,1.1518673780487807,-0.03329261578215492,1,251,0,9.0
256,2,0.9571909296579828,0.9981065626538427,-0.040915632995859874,2,250,0,9.0
257,2,1.126885567328285,1.1488364235333866,-0.02195085620510162,3,248,1,9.0
258,2,1.00030930095159,1.0257347771058933,-0.02542547615430335,0,252,0,9.0
259,2,1.2219913140443037,1.2544424414112767,-0.032451127366972976,1,251,0,8.0
260,2,0.8833749688609971,0.9058399619280706,-0.022464993067073502,0,252,0,8.0
261,2,1.079071058999539,1.112410841654778,-0.03333978265523907,1,250,1,8.0
262,2,1.0210723481818784,1.0472551779609909,-0.02618282977911246,0,251,1,8.0
263,2,1.096437387854116,1.1317048486521306,-0.03526746079801457,1,251,0,8.0
264,2,1.069675247849553,1.1157007914220052,-0.04602554357245214,1,251,0,8.0
265,2,1.1546968992185487,1.2076239426062723,-0.05292704338772358,2,249,1,8.0
266,2,1.0639794466090446,1.0962765957446807,-0.03229714913563608,1,251,0,8.0
267,2,1.066808899516381,1.1025463192311495,-0.035737419714768626,1,250,1,8.0
268,2,1.1045395840994163,1.1095914585723123,-0.005051874472896012,0,251,1,8.0
269,2,1.108855483143883,1.1302008336491076,-0.02134535050522457,0,250,2,8.0
270,2,1.0748866027148876,1.1021990863699163,-0.027312483655028696,0,252,0,8.0
271,2,1.1428821042345336,1.171917928333433,-0.029035824098899266,2,250,0,8.0
272,2,0.9876062061401456,1.0551232919134443,-0.06751708577329874,4,245,3,8.0
273,2,1.2237935500681212,1.2338488317600582,-0.010055281691937035,2,249,1,8.0
274,2,1.0900643251425886,1.1215369918267708,-0.03147266668418225,1,251,0,8.0
275,2,1.1259223742822595,1.1499323024299861,-0.024009928147726622,4,247,1,8.0
276,2,1.074506574968708,1.0676735165470006,0.006833058421707339,0,251,1,9.0
277,2,1.0912085689112125,1.120086117534484,-0.02887754862327152,1,251,0,9.0
278,2,1.0772953740924098,1.1046693984924343,-0.027374024400024455,0,252,0,9.0
279,2,0.9703220378565572,1.0030785511568627,-0.03275651330030549,1,251,0,9.0
280,2,1.0518949195982807,1.0854812398042393,-0.03358632020595853,0,251,1,9.0
281,2,1.1158719100422403,1.11867179193588,-0.0027998818936396663,1,249,2,9.0
282,2,1.1066981564075067,1.1348158443363439,-0.028117687928837176,0,252,0,9.0
283,2,1.0277118935679264,1.0458819432352418,-0.01817004966731539,1,250,1,9.0
284,2,1.2887347603192147,1.3719731479261577,-0.08323838760694291,1,250,1,9.0
285,2,0.614313015732535,0.6299637706897766,-0.015650754957241553,0,252,0,8.0
286,2,1.1791795158946692,1.2221946529371652,-0.04301513704249604,2,250,0,8.0
287,2,1.101580321852937,1.1295681063122909,-0.027987784459353904,0,252,0,8.0
288,2,1.1666085963922033,1.2100912200684144,-0.04348262367621114,2,250,0,8.0
289,2,1.0448181305135016,1.0693728903890556,-0.024554759875554,1,249,2,8.0
290,2,1.1736574513288178,1.2118567945592202,-0.038199343230402416,1,251,0,8.0
291,2,1.3520688566318666,1.395528700906346,-0.04345984427447935,2,249,1,8.0
292,2,0.6408382813983814,0.6576244776542243,-0.016786196255842878,1,251,0,8.0
293,2,0.9197467570690526,0.943132898208581,-0.023386141139528416,0,252,0,8.0
294,2,1.1966567903986056,1.224705805009535,-0.028049014610929346,1,251,0,8.0
295,2,0.9714438602083793,1.0140866558177395,-0.04264279560936024,2,250,0,7.0
296,2,1.1651421366386792,1.1906156405990032,-0.025473503960323995,1,249,2,7.0
297,2,1.1924363392212136,1.2253120210203627,-0.032875681799149126,1,250,1,7.0
298,2,1.0703094201571046,1.0975063245392116,-0.02719690438210698,0,252,0,7.0
299,2,1.1056591673955918,1.133750339951048,-0.028091172555456234,0,252,0,7.0
300,2,1.0707554502701526,1.0979634066652166,-0.027207956395064015,0,252,0,7.0
301,2,1.0875111301671914,1.131437927954748,-0.04392679778755659,1,250,1,7.0
302,2,1.0972966005362768,1.125176233635447,-0.027879633099170187,0,252,0,6.0
303,2,1.0742002312832666,1.104272991093763,-0.030072759810496397,1,251,0,6.0
304,2,1.1940901684488934,1.256794398855679,-0.06270423040678552,0,251,1,6.0
305,2,1.0724338645378189,1.1050166084660602,-0.03258274392824134,1,250,1,6.0
306,2,1.0977502170828646,1.1488364235333866,-0.051086206450521976,1,249,2,6.0
307,2,0.5564819055874612,0.5234857420384376,0.03299616354902368,1,249,2,7.0
308,2,1.211427524621343,1.2421944332392076,-0.030766908617864575,0,252,0,6.0
309,2,1.1018050013363692,1.1297989031078595,-0.027993901771490304,0,252,0,6.0
310,2,1.0228281026340331,1.055704025388342,-0.03287592275430895,2,249,1,6.0
311,2,0.940035059620448,1.007722321573727,-0.06768726195327901,3,247,2,6.0
312,2,0.9081290075617002,0.9312206906352164,-0.023091683073516167,0,252,0,6.0
313,2,1.1544688026195886,1.1927143450759512,-0.03824554245636258,0,251,1,6.0
314,2,1.1071032667067564,1.112891137343077,-0.00578787063632058,1,250,1,6.0
315,2,0.9125649712545709,0.9357692827232201,-0.023204311468649208,0,252,0,6.0
316,2,1.0822082832870934,1.1228643025286633,-0.04065601924156992,1,249,2,6.0
317,2,1.0545419538777803,1.0813399528609393,-0.026797998983159044,0,252,0,6.0
318,2,1.0820690789313558,1.0892613170598426,-0.007192238128486794,1,251,0,6.0
319,2,1.046918853491501,1.073523438134697,-0.026604584643195928,0,252,0,6.0
320,2,1.0688648478441578,1.1097966990153714,-0.04093185117121356,1,249,2,6.0
321,2,1.0222360291470947,1.028388928317955,-0.006152899170860371,0,251,1,6.0
322,2,1.14631414336423,1.1842627568986517,-0.03794861353442158,1,251,0,6.0
323,2,1.061885647513412,1.0888702773124903,-0.02698462979907834,0,252,0,6.0
324,2,1.0095363446384833,1.0351968444208448,-0.025660499782361512,0,252,0,5.0
325,2,1.1668712500386411,1.2049246231155755,-0.03805337307693435,1,251,0,5.0
326,2,0.7870321798292357,0.7845123091305699,0.0025198706986657715,1,251,0,5.0
327,2,0.9101616272209293,0.9295018783236556,-0.019340251102726302,2,250,0,5.0
328,2,1.0382148111566039,1.064600179694521,-0.026385368537917175,0,252,0,5.0
329,2,1.0974073834821731,1.1328580686973446,-0.035450685215171474,1,251,0,5.0
330,2,1.152255088016676,1.1815251763561168,-0.02927008833944078,0,252,0,4.0
331,2,0.6132047950811522,0.6288272674754474,-0.01562247239429515,0,252,0,3.0
332,2,1.1291038641113718,1.1583343420893355,-0.029230477977963742,0,251,1,3.0
333,2,1.1866515278296332,1.2057954545454534,-0.019143926715820214,1,251,0,3.0
334,2,1.1229444343617359,1.1514729901397378,-0.02852855577800195,0,252,0,3.0
335,2,1.0839864501493892,1.111530218602657,-0.02754376845326778,0,252,0,3.0
336,2,1.1004461613998453,1.1377021137946495,-0.03725595239480417,1,250,1,3.0
337,2,1.0151271346274024,1.059596051082329,-0.044468916454926566,0,250,2,3.0
338,2,1.1640476277055984,1.1965187210769888,-0.032471093371390314,0,251,1,3.0
339,2,0.6872910675189831,0.704793190981036,-0.017502123462052932,0,252,0,3.0
340,2,1.1294977120925698,1.1613216715257553,-0.0318239594331855,0,251,1,3.0
341,2,1.132371583298499,1.1611386957960934,-0.028767112497594338,0,252,0,3.0
342,2,1.2077929761911022,1.2384676214743868,-0.030674645283284674,0,252,0,3.0
343,2,1.2132846528850105,1.2851296043656206,-0.0718449514806101,1,250,1,3.0
344,2,1.08836593652357,1.12076251722554,-0.032396580701969935,1,251,0,3.0
345,2,1.1209370641735559,1.1494150867285193,-0.028478022554963456,0,252,0,3.0
346,2,1.0496851268214418,1.0762777291677408,-0.02659260234629901,1,251,0,3.0
347,2,1.0360842170274418,1.0624145785876982,-0.026330361560256366,0,252,0,3.0
348,2,1.0126971021630038,1.0384354318683184,-0.025738329705314644,0,252,0,3.0
349,2,1.1011118306157592,1.1053393511027867,-0.0042275204870274585,1,250,1,3.0
350,2,1.1502072093971258,1.243011226062077,-0.09280401666495108,0,251,1,3.0
351,2,0.9639205870240494,0.988424735055049,-0.02450414803099965,0,252,0,3.0
352,2,1.047617436880087,1.0742457007517239,-0.02662826387163686,0,252,0,3.0
353,2,1.1087332038399709,1.1369020291984209,-0.02816882535845,0,252,0,3.0
354,2,1.1666407303417952,1.196274399399398,-0.029633669057602896,0,252,0,3.0
355,2,1.1213958310632315,1.1498851347565429,-0.028489303693311374,0,252,0,3.0
356,2,1.1273247320169693,1.155964234911602,-0.028639502894632685,0,252,0,3.0
357,2,0.8851987317785989,0.877329624478442,0.007869107300156886,2,249,1,4.0
358,2,1.1439464271153805,1.1844096686503574,-0.040463241534976824,0,251,1,4.0
359,2,1.2552563623258757,1.2317847488527067,0.02347161347316895,1,250,1,5.0
360,2,1.0441611744350263,1.0367640607177324,0.007397113717293902,0,250,2,6.0
361,2,1.233525401090754,1.2648517706771234,-0.031326369586369474,0,252,0,6.0
362,2,1.0407721637967968,1.0749420337860223,-0.03416986998922544,0,251,1,6.0
363,2,1.022540223487634,1.0485298529852978,-0.025989629497663813,0,252,0,6.0
364,2,1.164206812432242,1.1932993308689352,-0.02909251843669325,2,249,1,6.0
365,2,1.0875296946267419,1.115161946487247,-0.02763225186050522,0,252,0,6.0
366,2,0.968682784378799,0.9933155080213893,-0.024632723642590393,0,252,0,6.0
367,2,0.9520993749061375,0.9763044518908573,-0.024205076984719853,0,252,0,6.0
368,2,0.5943241476404943,0.6094674556213008,-0.01514330798080643,0,252,0,6.0
369,2,1.079458661685669,1.1068868475548257,-0.02742818586915674,0,252,0,6.0
370,2,0.8853509977025139,0.9078658060855369,-0.022514808383023,0,252,0,6.0
371,2,1.0522385582326415,1.1202818060269453,-0.06804324779430382,0,251,1,6.0
372,2,1.0065162223024016,1.0320981634974793,-0.02558194119507773,0,252,0,6.0
373,2,1.189993285706717,1.220218143123175,-0.030224857416457862,0,252,0,6.0
374,2,1.0317223307503613,1.0579422233258857,-0.026219892575524373,0,252,0,6.0
375,2,1.1336377063467715,1.1958977733903695,-0.06226006704359799,1,250,1,6.0
376,2,1.1087332038399709,1.1369020291984209,-0.02816882535845,0,252,0,5.0
377,2,1.1148797874447713,1.1432043751265943,-0.028324587681823,0,252,0,5.0
378,2,0.5423194388240898,0.5561423817103159,-0.013822942886226097,0,252,0,5.0
379,2,1.0242073508633724,1.050237045662479,-0.02602969479910655,0,252,0,5.0
380,2,1.2483000553080188,1.2799999999999994,-0.031699944691980564,0,252,0,5.0
381,2,1.0717388729333506,1.098971616618674,-0.02723274368532347,0,252,0,5.0
382,2,0.5971561679165028,0.5915061295971974,0.005650038319305439,1,251,0,6.0
383,2,1.1134391432361435,1.141727341200102,-0.02828819796395865,0,252,0,6.0
384,2,1.0807062002772225,1.1081670007844509,-0.027460800507228322,0,252,0,6.0
385,2,0.9475159280573283,0.9911045218680501,-0.043588593810721776,1,251,0,6.0
386,2,1.1202150174696128,1.148674459469784,-0.028459442000171142,0,252,0,6.0
387,2,1.0739028842806684,1.1011904761904752,-0.027287591909806785,0,252,0,6.0
388,2,0.907773516848272,0.9308564830537255,-0.02308296620545347,0,252,0,6.0
389,2,1.0767605264838742,1.0758905787485962,0.0008699477352780427,2,249,1,7.0
390,2,0.9993902002658694,1.0102666476543545,-0.010876447388485033,2,248,2,7.0
391,2,1.1177988724515417,1.1461974110032358,-0.028398538551694053,0,252,0,7.0
392,2,1.145947491583014,1.1750580945003886,-0.02911060291737466,0,252,0,7.0
393,2,1.0519947355958468,1.0787277984304018,-0.02673306283455501,0,252,0,7.0
394,2,1.014993480357872,1.0407921085811758,-0.02579862822330381,0,252,0,7.0
395,2,0.8515428198475824,0.8665934669228653,-0.015050647075282919,1,251,0,7.0
396,2,1.103753408113616,1.1626582816350797,-0.058904873521463674,1,250,1,7.0
397,2,1.1826414964591725,1.2126804505314361,-0.030038954072263646,0,252,0,7.0
398,2,1.0887879571718602,1.141692458669888,-0.052904501498027834,2,250,0,7.0
399,2,0.9506925160851645,0.9924992787768058,-0.0418067626916413,2,248,2,7.0
400,2,1.0185230573676325,1.0358836435699628,-0.017360586202330275,1,251,0,7.0
401,2,1.219051638039326,1.2500110546097714,-0.03095941657044543,0,252,0,7.0
402,2,0.9298742117055144,0.9627087732770219,-0.03283456157150744,1,250,1,7.0
403,2,1.358701458656565,1.393194266402519,-0.03449280774595387,0,252,0,7.0
404,2,0.6030338320740487,0.618398120785026,-0.01536428871097728,0,252,0,7.0
405,2,1.0829761599841223,1.1104933981931895,-0.027517238209067152,0,252,0,7.0
406,2,1.0678857400491537,1.0950222057735026,-0.027136465724348913,0,252,0,7.0
407,2,0.5765777297074653,0.5912704598597025,-0.014692730152237155,0,252,0,6.0
408,2,1.007920554372908,1.056495280080502,-0.048574725707594135,2,249,1,6.0
409,2,1.1745028792343686,1.2043368724131749,-0.029833993178806306,0,252,0,6.0
410,2,1.5616320732436346,1.6012558869701738,-0.039623813726539225,0,252,0,6.0
411,2,1.1055216319515593,1.1336103032820954,-0.028088671330536163,0,252,0,6.0
412,2,1.0745212015468766,1.0966918714555784,-0.022170669908701868,1,251,0,6.0
413,2,1.1007978156448102,1.128765880217788,-0.027968064572977847,0,252,0,6.0
414,2,1.1095971805479063,1.1377881696611702,-0.028190989113263898,0,252,0,6.0
415,2,1.1479012394401498,1.1770607734806637,-0.029159534040513968,0,252,0,6.0
416,2,1.0897698081927458,1.1174585736519265,-0.027688765459180642,0,252,0,6.0
417,2,1.2246615692513896,1.2557633458007476,-0.031101776549357973,0,252,0,6.0
418,2,0.9676664259450586,0.9922654182780398,-0.02459899233298124,0,252,0,6.0
419,2,0.8081747710930236,0.834913552704965,-0.02673878161194143,1,251,0,6.0
420,2,1.287953025251108,1.3206587551465245,-0.032705729895416535,0,252,0,6.0
421,2,1.0478954392905449,1.0745247823769755,-0.026629343086430612,0,252,0,6.0
422,2,1.063947028644664,1.0909825033647376,-0.027035474720073616,0,252,0,6.0
423,2,1.0856569048300901,1.1132417724799162,-0.02758486764982604,0,252,0,6.0
424,2,0.9857584847467045,1.0108155086668926,-0.02505702392018816,0,252,0,6.0
425,2,1.4743797562837502,1.5117976795724175,-0.03741792328866733,0,252,0,6.0
426,2,1.1739190744827928,1.1662821357943305,0.007636938688462269,1,250,1,6.0
427,2,1.124322061232851,1.1528851614030506,-0.028563100170199585,0,252,0,6.0
428,2,1.1369003560755278,1.1657828179815608,-0.028882461906033052,0,252,0,6.0
429,2,1.0539091760741714,1.0894523957685107,-0.03554321969433927,1,250,1,6.0
430,2,1.1884868059177398,1.1841508749659984,0.004335930951741451,1,250,1,7.0
431,2,1.1547387183316338,1.184071880743313,-0.02933316241167927,0,252,0,7.0
432,2,0.9966307168791242,1.0219639347064353,-0.025333217827311127,0,252,0,7.0
433,2,1.053712504173739,1.0804902588493555,-0.026777754675616494,0,252,0,7.0
434,2,0.9900586493417639,1.0201000098048842,-0.030041360463120337,0,251,1,7.0
435,2,1.1577839970357062,1.1721778287934317,-0.014393831757725462,0,251,1,7.0
436,2,0.5387267830441927,0.5524585263787167,-0.013731743334523983,0,252,0,7.0
437,2,1.0433886718134795,1.0699039487726774,-0.026515276959197864,0,252,0,7.0
438,2,1.0845548304251766,1.1121118012422349,-0.027556970817058213,0,252,0,7.0
439,2,1.0458343027248977,1.0724119079568606,-0.026577605231962842,0,252,0,7.0
440,2,0.5677389563158092,0.5822062121932972,-0.014467255877487983,0,252,0,7.0
441,2,1.1304047575134806,1.1591223080048738,-0.02871755049139324,0,252,0,7.0
442,2,0.762065363246751,0.7814573887903278,-0.019392025543576774,0,252,0,7.0
443,2,1.0813289265504495,1.1325028312570793,-0.05117390470662975,1,250,1,7.0
444,2,0.7052185623437319,0.7079884504331081,-0.0027698880893761713,1,251,0,7.0
445,2,1.02709059347151,1.053193249503639,-0.026102656032128912,0,252,0,7.0
446,2,1.1178033441016508,1.1462020360219263,-0.028398691920275443,0,252,0,7.0
447,2,0.6162670830616073,0.6319671507870117,-0.015700067725404443,0,252,0,7.0
448,2,1.16636775863967,1.1959950624057036,-0.02962730376603373,0,252,0,7.0
449,2,0.8372359251093822,0.8585323316340212,-0.021296406524639044,0,252,0,7.0
450,2,1.1900469244110217,1.220273215329825,-0.030226290918803356,0,252,0,7.0
451,2,0.8713779805159094,0.8818223714530246,-0.010444390937115133,1,250,1,7.0
452,2,1.2007244097708063,1.2312214239059458,-0.0304970141351395,0,252,0,7.0
453,2,1.1303487622724055,1.159065436675577,-0.028716674403171494,0,252,0,7.0
454,2,1.1500831528922693,1.17929880033479,-0.029215647442520698,0,252,0,7.0
455,2,1.0536648920107903,1.0804401603685077,-0.026775268357717374,0,252,0,7.0
456,2,0.8477894381932931,0.8693600463614549,-0.02157060816816181,0,252,0,7.0
457,2,1.1211860944329344,1.1496701567511987,-0.02848406231826428,0,252,0,6.0
458,2,1.257649113526151,1.289585279953998,-0.031936166427847024,0,252,0,6.0
459,2,0.6119268103025761,0.6275170139619723,-0.015590203659396229,0,252,0,5.0
460,2,0.8146843770159855,0.8354163285180964,-0.020731951502110935,0,252,0,4.0
461,2,1.059324285552513,1.0862428584383772,-0.0269185728858643,0,252,0,4.0
462,2,1.0207685773482904,1.0589803398867046,-0.038211762538414185,0,251,1,4.0
463,2,0.9564551941580283,0.9807705953310153,-0.024315401172987028,0,252,0,4.0
464,2,0.9290376018237798,0.9526590198123036,-0.023621417988523796,0,252,0,4.0
465,2,1.2784753324502403,1.3109389454209073,-0.03246361297066702,0,252,0,4.0
466,2,0.9970632204747156,1.0224060150375947,-0.025342794562879023,0,252,0,4.0
467,2,1.1156345654065216,1.1439781834372271,-0.02834361803070551,0,252,0,4.0
468,2,1.0025270456781794,1.0280095351609064,-0.025482489482727022,0,252,0,4.0
469,2,1.095411616993877,1.1232434796872475,-0.027831862693370457,0,252,0,4.0
470,2,1.089192722899819,1.1168672433245561,-0.02767452042473706,0,252,0,4.0
471,2,1.0125017481850676,1.0382369870898782,-0.025735238904810664,0,252,0,4.0
472,2,1.1567947753879426,1.1861797827680414,-0.02938500738009875,0,252,0,4.0
473,2,1.1500814922889322,1.1792967152787248,-0.029215222989792622,0,252,0,4.0
474,2,0.814194031683765,0.834913552704965,-0.020719521021200005,0,252,0,4.0
475,2,1.0423675535761348,1.0688581631718719,-0.026490609595737125,0,252,0,4.0
476,2,1.1254637892211192,1.154057191094228,-0.02859340187310888,0,252,0,4.0
477,2,1.0035177603059806,1.0290258740746163,-0.02550811376863571,0,252,0,4.0
478,2,1.1745028792343686,1.2043368724131749,-0.029833993178806306,0,252,0,4.0
479,2,1.029418191573889,1.0832794755793558,-0.05386128400546686,1,250,1,4.0
480,2,0.631479200445984,0.6475654897494295,-0.016086289303445467,0,252,0,4.0
481,2,1.1955978954316044,1.2259656287221374,-0.030367733290532994,0,252,0,4.0
482,2,1.1855635019277837,1.215676377271414,-0.030112875343630385,0,252,0,3.0
483,2,1.3606232293316394,1.3951663925091735,-0.03454316317753414,0,252,0,3.0
484,2,1.019678811369469,1.0477682067345324,-0.028089395365063385,1,251,0,3.0
485,2,0.9927348869987764,1.0179688602474246,-0.025233973248648178,0,252,0,3.0
486,2,1.1148797874447713,1.1432043751265943,-0.028324587681823,0,252,0,3.0
487,2,1.2003010258963547,1.2307867904428553,-0.03048576454650065,0,252,0,3.0
488,2,1.0626078550788225,1.089609621451103,-0.027001766372280578,0,252,0,3.0
489,2,1.0157465642154468,1.053013858741023,-0.03726729452557609,2,249,1,2.0
490,2,0.9855299457579944,1.0105806225953124,-0.025050676837318098,0,252,0,2.0
491,2,1.369603756937873,1.4043715846994542,-0.03476782776158127,0,252,0,2.0
492,2,1.0719643125849836,1.0992027615681768,-0.027238448983193164,0,252,0,2.0
493,2,0.9899652958269054,1.0151301022528905,-0.025164806425985065,0,252,0,2.0
494,2,1.0295902819138172,1.0557584055986622,-0.026168123684845,0,252,0,2.0
495,2,1.0906275590937877,1.1183381576706968,-0.02771059857690905,0,252,0,2.0
496,2,1.0630985757929383,1.0901126408010005,-0.027014065008062138,0,252,0,2.0
497,2,1.0384514804055465,1.0648417606402316,-0.02639028023468515,0,252,0,2.0
498,2,1.062067962840022,1.0890560279049504,-0.026988065064928346,0,252,0,2.0
499,2,1.1079627735999313,1.1361123810315439,-0.028149607431612544,0,252,0,2.0
500,2,1.187817258727274,1.2179869449593008,-0.03016968623202687,0,252,0,2.0
501,2,1.1776265622392617,1.2075386012715714,-0.029912039032309767,0,252,0,2.0
502,2,1.1223337901268367,1.1508467131911568,-0.028512923064320184,0,252,0,2.0
503,2,1.0212989123256135,1.0472551779609909,-0.02595626563537734,0,252,0,2.0
504,2,1.248763367007558,1.2804751470418634,-0.031711780034305415,0,252,0,2.0
505,2,1.069538338766181,1.1069318345582948,-0.03739349579211382,1,251,0,2.0
506,2,1.0581164065791147,1.0850044896737485,-0.026888083094633863,0,252,0,2.0
507,2,1.0705148846632981,1.097716588314306,-0.027201703651007936,0,252,0,2.0
508,2,0.762065363246751,0.7814573887903278,-0.019392025543576774,0,252,0,2.0
509,2,1.0575571552671148,1.0844309354947659,-0.02687378022765108,0,252,0,2.0
510,2,1.094308338273138,1.1221134657417082,-0.027805127468570223,0,252,0,2.0
511,2,1.0543623043538757,1.081157428615055,-0.02679512426117925,0,252,0,2.0
512,2,1.0912925728090785,1.1190204198200766,-0.027727847010998063,0,252,0,2.0
513,2,1.2074189913603919,1.2380847470074177,-0.030665755647025783,0,252,0,2.0
514,2,1.0977672255894506,1.1256585063526479,-0.027891280763197246,0,252,0,2.0
515,2,1.2151956582646828,1.2460581206250447,-0.030862462360361942,0,252,0,2.0
516,2,1.26545711823762,1.3140416315726144,-0.04858451333499447,1,250,1,2.0
517,2,1.0988096334726678,1.1267271458478727,-0.0279175123752049,0,252,0,2.0
518,2,1.0596066549724346,1.0865325077399395,-0.02692585276750492,0,252,0,2.0
519,2,1.0909529056219593,1.11867179193588,-0.02771888631392061,0,252,0,2.0
520,2,1.184322070883317,1.2144030025803427,-0.030080931697025637,0,252,0,2.0
521,2,0.8006708500237163,0.8210408579511814,-0.020370007927465128,0,252,0,2.0
522,2,1.0016481175767855,1.027106863596872,-0.025458746020086576,0,252,0,2.0
523,2,1.1286516781266085,1.1573247063787886,-0.0286730282521801,0,252,0,2.0
524,2,1.015255064823065,1.0410581657347888,-0.025803100911723886,0,252,0,2.0
525,2,1.022540223487634,1.0485298529852978,-0.025989629497663813,0,252,0,2.0
526,2,1.342520080915655,1.3766031403571855,-0.03408305944153045,0,252,0,1.0
527,2,1.1254637892211192,1.154057191094228,-0.02859340187310888,0,252,0,1.0
528,2,1.0683717176743959,1.0955191426574504,-0.027147424983054558,0,252,0,1.0
529,2,0.5765777297074653,0.5912704598597025,-0.014692730152237155,0,252,0,1.0
530,2,1.0293379207280646,1.0554975808746787,-0.026159660146614083,0,252,0,0.0
531,2,1.0013663381703777,1.0268192539530037,-0.025452915782625984,0,252,0,0.0
532,2,1.0809695800639627,1.1084360011285626,-0.027466421064599844,0,252,0,0.0
533,2,0.9142234866530791,0.9374693717534056,-0.023245885100326547,0,252,0,0.0
534,2,1.150583039244186,1.2168661588683354,-0.06628311962414934,1,249,2,0.0
535,2,1.1110884762374993,1.1393172630633335,-0.028228786825834185,0,252,0,0.0
536,2,0.5152239628485716,0.5313391411610513,-0.01611517831247966,0,251,1,0.0
537,2,1.0737889364068398,1.1010736047973673,-0.027284668390527456,0,252,0,0.0
538,2,1.2553033848881447,1.2871802180574354,-0.031876833169290686,0,252,0,0.0
539,2,1.1079700844670297,1.1361195423768364,-0.02814945790980672,0,252,0,0.0
540,2,1.4272736684916645,1.4635017191219264,-0.03622805063026191,0,252,0,0.0
541,2,1.0731864896841865,1.1004561730514555,-0.027269683367268982,0,252,0,0.0
542,2,1.0806452624625473,1.1081035142140823,-0.027458251751534934,0,252,0,0.0
543,2,1.0467417386151527,1.0733417828474863,-0.02660004423233353,0,252,0,0.0
544,2,0.9482462613031469,0.9723534384167879,-0.024107177113640965,0,252,0,0.0
545,2,1.0910659611965143,1.119449061980526,-0.028383100784011628,1,251,0,0.0
546,2,1.0711812136205139,1.098400113266316,-0.02721889964580204,0,252,0,0.0
547,2,1.0450497851582037,1.0678805168652474,-0.02283073170704375,1,251,0,0.0
548,2,1.1872930264922525,1.2174510477499125,-0.030158021257659984,0,252,0,0.0
549,2,1.0159176497080418,1.0417384644840129,-0.02582081477597109,0,252,0,0.0
550,2,1.0486407259533101,1.0752894722800315,-0.026648746326721318,0,252,0,0.0
551,2,1.0482421496629657,1.0748814301349856,-0.02663928047201991,0,252,0,0.0
552,2,1.2003010258963547,1.2307867904428553,-0.03048576454650065,0,252,0,0.0
553,2,1.1937286983900355,1.2240475666152844,-0.030318868225248874,0,252,0,0.0
554,2,0.9153354201999516,0.9386099102095105,-0.023274490009558835,0,252,0,0.0
555,2,1.0317279827543302,1.0579480405107886,-0.026220057756458415,0,252,0,0.0
556,2,1.030424683966294,1.0566116740641491,-0.02618699009785508,0,252,0,0.0
557,2,1.0139843948897092,1.0397575185010224,-0.02577312361131323,0,252,0,0.0
558,2,1.2854842491290532,1.3181275376164312,-0.032643288487377964,0,252,0,0.0
559,2,1.081950136563974,1.1094414236282728,-0.02749128706429871,0,252,0,0.0
560,2,1.0313706002556795,1.0575815738963512,-0.02621097364067171,0,252,0,0.0
561,2,0.8805798951194623,0.902974223397224,-0.022394328277761666,0,252,0,0.0
562,2,1.1196019797542773,1.1480456259246887,-0.028443646170411396,0,252,0,0.0
563,2,1.1422716460545774,1.171288743882545,-0.029017097827967575,0,252,0,0.0
564,2,1.099412972298364,1.1273457832975673,-0.027932810999203195,0,252,0,0.0
565,2,1.166878589350472,1.1965187210769888,-0.029640131726516694,0,252,0,0.0
566,2,1.0527209815835992,1.0794737309983087,-0.02675274941470951,0,252,0,0.0
567,2,1.1439173098668447,1.1729766859267043,-0.029059376059859643,0,252,0,0.0
568,2,1.1469447176274497,1.1760806916426507,-0.02913597401520107,0,252,0,0.0
569,2,1.2040753879831627,1.2346564556142818,-0.03058106763111912,0,252,0,0.0
570,2,1.1134123705192984,1.1416999104453316,-0.028287539926033167,0,252,0,0.0
571,2,0.9948137805562765,1.0201000098048842,-0.025286229248607794,0,252,0,0.0
572,2,1.0520315978784576,1.0787668099899408,-0.02673521211148322,0,252,0,0.0
573,2,1.0739212322793195,1.1012104567185454,-0.02728922443922599,0,252,0,0.0
574,2,1.161335450943266,1.1908353403473202,-0.029499889404054125,0,252,0,0.0
575,2,1.0899961584465212,1.1082202111613892,-0.018224052714868044,1,251,0,0.0
576,2,1.1429450949933015,1.1719794971930684,-0.02903440219976683,0,252,0,0.0
577,2,1.1110762743651277,1.1393050685368165,-0.028228794171688776,0,252,0,0.0
578,2,0.9021243082721336,0.9250638660232765,-0.02293955775114287,0,252,0,0.0
579,2,1.083861769611986,1.111401400355315,-0.02753963074332888,0,252,0,0.0
580,2,1.062067962840022,1.0890560279049504,-0.026988065064928346,0,252,0,0.0
581,2,0.87081042737963,0.9058399619280706,-0.0350295345484406,1,251,0,0.0
582,2,1.091644220876188,1.1417049762077582,-0.05006075533157017,0,251,1,0.0
583,2,1.1203276950814949,1.1486687455025182,-0.028341050421023306,1,251,0,0.0
584,2,1.1957671700138122,1.2261391336958563,-0.03037196368204409,0,252,0,0.0
585,2,1.0481974343353406,1.0748343829230407,-0.02663694858770005,0,252,0,0.0
586,2,1.1713035767049431,1.201055201883667,-0.029751625178723984,0,252,0,0.0
587,2,1.1417331782408768,1.1707377049180328,-0.029004526677155917,0,252,0,0.0
588,2,0.6891595203264562,0.6937412869616245,-0.004581766635168294,2,250,0,0.0
589,2,1.021486941282242,1.0474476987447705,-0.02596075746252846,0,252,0,0.0
590,2,1.095928433260148,1.1237733280390267,-0.027844894778878748,0,252,0,0.0
591,2,0.7614451445023872,0.7814573887903278,-0.020012244287940573,1,251,0,0.0
592,2,0.9743950430998727,0.9991658451505275,-0.02477080205065485,0,252,0,0.0
593,2,1.0315265391473496,1.057741483131238,-0.02621494398388835,0,252,0,0.0
594,2,1.141152867738371,1.1701422963689894,-0.028989428630618264,0,252,0,0.0
595,2,0.9919796675092833,1.0171936114732707,-0.02521394396398735,0,252,0,0.0
596,2,1.1360015842174962,1.1648615056818181,-0.028859921464321925,0,252,0,0.0
597,2,1.091183944945774,1.118908689481153,-0.027724744535378987,0,252,0,0.0
598,2,1.0091590350669186,1.034807895664433,-0.025648860597514478,0,252,0,0.0
599,2,0.8544827666071686,0.8762161043262263,-0.02173333771905772,0,252,0,0.0
600,2,1.086588798188928,1.1141972367794166,-0.02760843859048867,0,252,0,0.0
601,2,1.240585313051408,1.2720903075126533,-0.03150499446124533,0,252,0,0.0
602,2,1.0717128954021231,1.098945363995898,-0.027232468593774817,0,252,0,0.0
603,2,1.030633547922203,1.0568263559200108,-0.026192807997807765,0,252,0,0.0
604,2,0.9692411398039639,0.993880135059086,-0.024638995255122143,0,252,0,0.0
605,2,0.6498583087679468,0.6563703998937152,-0.006512091125768338,1,250,1,0.0
606,2,1.0280997468931974,1.0311829878484615,-0.0030832409552641327,0,251,1,0.0
607,2,0.9445132678117033,0.9685260507456911,-0.024012782933987786,0,252,0,0.0
608,2,1.1550682150413323,1.1844096686503574,-0.02934145360902507,0,252,0,0.0
609,2,0.5838223003243235,0.5826045367586764,0.0012177635656470676,1,249,2,1.0
610,2,1.1072222987432228,1.1353526893727914,-0.02813039062956868,0,252,0,1.0
611,2,1.4034878308002428,1.439113049800074,-0.035625218999831176,0,252,0,1.0
612,2,1.336755722269245,1.3706936150666058,-0.033937892797360814,0,252,0,1.0
613,2,1.1115806665801933,1.1398219028276815,-0.0282412362474882,0,252,0,1.0
614,2,1.0905016988364407,1.1182093356699085,-0.027707636833467886,0,252,0,1.0
615,2,1.0343179025429088,1.0606034921173082,-0.026285589574399415,0,252,0,1.0
616,2,1.11353432735014,1.1418246218648291,-0.02829029451468923,0,252,0,1.0
617,2,1.0944503785695894,1.1222590172737863,-0.02780863870419692,0,252,0,1.0
618,2,1.125269889063889,1.1538570954435539,-0.02858720637966483,0,252,0,1.0
619,2,1.0091118338882854,1.0347615808962436,-0.02564974700795819,0,252,0,1.0
620,2,1.022740800725344,1.048733413751506,-0.02599261302616207,0,252,0,1.0
621,2,1.1016295651142434,1.129619852164732,-0.02799028705048867,0,252,0,1.0
622,2,1.0261101109673663,1.0521884693023469,-0.026078358334980623,0,252,0,1.0
623,2,1.0701826449572513,1.0973782771535592,-0.02719563219630783,0,252,0,1.0
624,2,1.0053697217941693,1.0309232370285968,-0.025553515234427504,0,252,0,1.0
625,2,0.942135935096867,0.9660886589288212,-0.023952723831954237,0,252,0,1.0
626,2,1.2478623972733662,1.2795518207282908,-0.03168942345492454,0,252,0,1.0
627,2,1.041906507391693,1.0683842794759808,-0.0264777720842877,0,252,0,1.0
628,2,1.1127683907369843,1.1410394163886206,-0.028271025651636306,0,252,0,1.0
629,2,1.1305233579968896,1.1592435716424936,-0.028720213645603954,0,252,0,1.0
630,2,0.883651608904697,0.9061232468357516,-0.022471637931054667,0,252,0,1.0
631,2,1.0374152906677496,1.0637793200386543,-0.02636402937090465,0,252,0,1.0
632,2,1.0756274127616712,1.1029588305910585,-0.027331417829387306,0,252,0,1.0
633,2,1.0862956446727765,1.1138969953553397,-0.027601350682563197,0,252,0,1.0
634,2,1.1079700844670297,1.1361195423768364,-0.02814945790980672,0,252,0,1.0
635,2,1.130549911075472,1.159271899886235,-0.028721988810763044,0,252,0,1.0
636,2,1.0483024180149105,1.0749420337860223,-0.026639615771111735,0,252,0,1.0
637,2,1.2606794143215176,1.280023923444975,-0.01934450912345742,2,250,0,1.0
638,2,1.021573869251846,1.047537495459031,-0.025963626207185175,0,252,0,1.0
639,2,1.1860212798771457,1.216145833333332,-0.030124553456186254,0,252,0,1.0
640,2,1.040421303358561,1.066862013851892,-0.026440710493331077,0,252,0,1.0
641,2,1.1759251608875678,1.2057954545454534,-0.029870293657885627,0,252,0,1.0
642,2,1.119762951632368,1.1482112436115832,-0.02844829197921528,0,252,0,1.0
643,2,1.1609401202998475,1.1904302113507141,-0.02949009105086664,0,252,0,1.0
644,2,1.096795438166189,1.0768752911942843,0.019920146971904806,1,251,0,2.0
645,2,1.0470857409093515,1.0736945286045267,-0.026608787695175273,0,252,0,2.0
646,2,1.3544629074945962,1.3888477670861081,-0.03438485959151194,0,252,0,2.0
647,2,1.09415249839619,1.1219525235243777,-0.027800025128187578,0,252,0,2.0
648,2,1.190498259034541,1.2207360331067094,-0.030237774072168433,0,252,0,2.0
649,2,0.9588084594811849,0.9831832119586054,-0.02437475247742049,0,252,0,2.0
650,2,0.6517996637116615,0.6264257248866293,0.02537393882503225,1,249,2,3.0
651,2,0.9274992736921721,0.9510812826249071,-0.023582008932734988,0,252,0,3.0
652,2,0.9927348869987764,1.0179688602474246,-0.025233973248648178,0,252,0,3.0
653,2,1.1245499607622578,1.1531193761247738,-0.028569415362516004,0,252,0,3.0
654,2,1.1792123371649805,1.2091643653472433,-0.029952028182262724,0,252,0,3.0
655,2,1.040176652953719,1.0666105842765337,-0.026433931322814574,0,252,0,3.0
656,2,1.2643063893516697,1.2975598984211136,-0.03325350906944391,1,251,0,3.0
657,2,1.0578859617398313,1.0847682795973645,-0.026882317857533256,0,252,0,3.0
658,2,1.0742159517777845,1.1015114578254508,-0.027295506047666285,0,252,0,3.0
659,2,1.0415025349500737,1.067970034715878,-0.026467499765804314,0,252,0,3.0
660,2,1.3282645552297103,1.3498489425981874,-0.02158438736847712,3,249,0,3.0
661,2,1.0721244228173337,1.0993669671973907,-0.02724254438005702,0,252,0,3.0
662,2,1.105870708397693,1.1339674702294493,-0.028096761831756245,0,252,0,3.0
663,2,1.030873079771104,1.0570719602977658,-0.02619888052666175,0,252,0,3.0
664,2,1.118532076605106,1.1469492727917694,-0.028417196186663496,0,252,0,3.0
665,2,1.239513803998514,1.270991514068781,-0.031477710070267007,0,252,0,3.0
666,2,1.0526980369659413,1.0794494838911468,-0.02675144692520548,0,252,0,3.0
667,2,1.1039554432494292,1.1320036082990863,-0.028048165049657126,0,252,0,3.0
668,2,1.1644055487157574,1.1939826164475151,-0.029577067731757722,0,252,0,3.0
669,2,1.1025739366062726,1.1305868304332995,-0.028012893827026986,0,252,0,3.0
670,2,1.175624941622378,1.2054876485169668,-0.029862706894588698,0,252,0,3.0
671,2,1.167425328153175,1.1970793316668866,-0.029654003513711613,0,252,0,3.0
672,2,0.6394273735256636,0.5934231265224229,0.046004247003240684,4,247,1,4.0
673,2,1.1629723869718032,1.1925137099859737,-0.029541323014170562,0,252,0,4.0
674,2,1.0541192882315207,1.080907337680229,-0.026788049448708273,0,252,0,4.0
675,2,1.131759588130429,1.1605111899229557,-0.02875160179252667,0,252,0,4.0
676,2,1.0251415036819227,1.051194822436109,-0.02605331875418626,0,252,0,4.0
677,2,1.1121270860054175,1.1403823714208783,-0.02825528541546074,0,252,0,4.0
678,2,1.124481501916332,1.1530491180890603,-0.028567616172728405,0,252,0,4.0
679,2,1.0939962584439944,1.1217927898668387,-0.02779653142284433,0,252,0,4.0
680,2,1.1556086499782987,1.1849644128113863,-0.029355762833087606,0,252,0,4.0
681,2,1.292253821241045,1.3250655854996427,-0.032811764258597664,0,252,0,4.0
682,2,1.0071850429192306,1.0327845785844914,-0.025599535665260742,0,252,0,4.0
683,2,1.0433879987722303,1.069903210938699,-0.026515212166468682,0,252,0,4.0
684,2,1.123579358952253,1.1521238752877194,-0.028544516335466508,0,252,0,4.0
685,2,1.0797114773634813,1.1071463438445772,-0.027434866481095943,0,252,0,4.0
686,2,1.3931376308125845,1.4285014091410373,-0.03536377832845283,0,252,0,4.0
687,2,0.7598685091241127,0.7726264249101048,-0.012757915785992058,8,242,2,4.0
688,2,1.2996320152461582,1.3326305926446482,-0.03299857739848999,0,252,0,4.0
689,2,1.0910454924959034,1.118767945706083,-0.02772245321017963,0,252,0,4.0
690,2,1.2210465257960919,1.25205684367988,-0.031010317883788163,0,252,0,4.0
691,2,0.9083612278913319,0.9314586123096762,-0.023097384418344302,0,252,0,4.0
692,2,1.1304065213499823,1.159124087591238,-0.028717566241255765,0,252,0,4.0
693,2,1.0024080639614528,1.027888135857287,-0.025480071895834344,0,252,0,4.0
694,2,1.3708093756333,1.4056081237018232,-0.03479874806852323,0,252,0,4.0
695,2,1.0105834156323452,1.036269868109569,-0.025686452477223787,0,252,0,4.0
696,2,1.0613258409509623,1.0882949932341002,-0.026969152283137898,0,252,0,4.0
697,2,1.1081529126026055,1.136307311028501,-0.0281543984258954,0,252,0,4.0
698,2,1.0525990485534185,1.0793474977343656,-0.026748449180947098,0,252,0,4.0
699,2,1.1164868461104664,1.1511284539126758,-0.03464160780220937,2,250,0,4.0
700,2,1.0086386833665453,1.0342762063227953,-0.025637522956249992,0,252,0,4.0
701,2,1.0057321727282917,1.0312942155638762,-0.025562042835584498,0,252,0,4.0
702,2,0.8221806854091496,0.8430956798303744,-0.020914994421224797,0,252,0,4.0
703,2,1.180168567861047,1.0547835649305204,0.12538500293052657,8,243,1,5.0
704,2,1.0039500767768568,1.0294679530041053,-0.025517876227248548,0,252,0,5.0
705,2,1.231696157757999,1.2629761639563382,-0.03128000619833915,0,252,0,5.0
706,2,1.0478954392905449,1.0745247823769755,-0.026629343086430612,0,252,0,5.0
707,2,1.1268220737642582,1.1554483462448406,-0.02862627248058236,0,252,0,5.0
708,2,0.9047075860293151,0.9365210222588611,-0.03181343622954602,1,251,0,5.0
709,2,0.5940523438198374,0.5529841656516437,0.04106817816819375,5,245,2,5.0
710,2,1.1046724521625513,1.132738471257106,-0.02806601909455475,0,252,0,5.0
711,2,0.9671477918071694,0.9917337855023318,-0.024585993695162456,0,252,0,5.0
712,2,1.073482170258689,1.0547835649305204,0.018698605328168583,7,244,1,6.0
713,2,1.1017950233737024,1.1297881103839646,-0.027993087010262263,0,252,0,6.0
714,2,1.1216607522446898,1.1501566642564474,-0.028495912011757607,0,252,0,6.0
715,2,1.0325361899058632,1.0587766663716007,-0.026240476465737572,0,252,0,6.0
716,2,1.190498259034541,1.2207360331067094,-0.030237774072168433,0,252,0,6.0
717,2,1.2223695890890778,1.2534135125574808,-0.031043923468403012,0,252,0,6.0
718,2,0.9890983170568745,1.014239891135302,-0.025141574078427653,0,252,0,6.0
719,2,0.9744124713975806,0.999182495792257,-0.02477002439467646,0,252,0,6.0
720,2,0.9934880909743353,1.018742350061199,-0.02525425908686363,0,252,0,6.0
721,2,1.1602545248979896,1.18972706595906,-0.029472541061070334,0,252,0,6.0
722,2,0.9779523754901216,1.002811209698673,-0.024858834208551395,0,252,0,6.0
723,2,0.9917820817615116,1.0169916294922565,-0.025209547730744908,0,252,0,6.0
724,2,1.1270612463223202,1.1556941279929653,-0.02863288167064515,0,252,0,6.0
725,2,1.0206173732577504,1.0465562336530065,-0.02593886039525617,0,252,0,6.0
726,2,1.1003704486547203,1.128328008519702,-0.027957559864981718,0,252,0,6.0
727,2,1.105870708397693,1.1339674702294493,-0.028096761831756245,0,252,0,6.0
728,2,1.0265904821961827,1.0526809982703231,-0.02609051607414048,0,252,0,6.0
729,2,0.6628489683893611,0.6404100529100527,0.02243891547930843,2,249,1,7.0
730,2,1.1166150049689185,1.1449834619625137,-0.028368456993595137,0,252,0,7.0
731,2,0.9098523319954882,0.9329879790130836,-0.023135647017595407,0,252,0,7.0
732,2,1.096024960598865,1.1238722482858179,-0.027847287686952882,0,252,0,7.0
733,2,1.0786616248845127,1.1060695344725988,-0.027407909588086143,0,252,0,7.0
734,2,1.2241101568178383,1.2551979688464956,-0.03108781202865729,0,252,0,7.0
735,2,1.0569857693277047,1.027599120735978,0.029386648591726683,1,250,1,8.0
736,2,0.9699203768162692,0.9945764754623176,-0.024656098646048452,0,252,0,8.0
737,2,1.0725465173075535,1.0998009667330126,-0.027254449425459182,0,252,0,8.0
738,2,1.0937388747166459,1.121528601946356,-0.02778972722971007,0,252,0,8.0
739,2,1.0101183395785096,1.035792138386892,-0.025673798808382386,0,252,0,8.0
740,2,0.8743832071624938,0.89662008606934,-0.022236878906846114,0,252,0,8.0
741,2,1.138977259730712,1.1679115114886833,-0.028934251757971374,0,252,0,8.0
742,2,1.1436259352895004,1.1726773906110763,-0.029051455321575936,0,252,0,8.0
743,2,0.6432348579501338,0.622944830105955,0.02029002784417877,11,240,1,9.0
744,2,1.0465323774879836,1.0731271812352894,-0.02659480374730583,0,252,0,8.0
745,2,0.9388394333597597,0.9627087732770219,-0.023869339917262145,0,252,0,8.0
746,2,0.6873841898571887,0.6189243175260775,0.06845987233111128,10,241,1,9.0
747,2,1.0992044940136685,1.125943300020397,-0.02673880600672862,1,251,0,9.0
748,2,1.1132926003263865,1.141576963007489,-0.02828436268110246,0,252,0,9.0
749,2,0.9120130517715792,0.9601176529238751,-0.04810460115229587,2,250,0,9.0
750,2,1.1209370641735559,1.1494150867285193,-0.028478022554963456,0,252,0,8.0
751,2,1.030440436299882,1.0566285294426396,-0.026188093142757607,0,252,0,8.0
752,2,1.1554780179993172,1.184829884964026,-0.029351866964708817,0,252,0,8.0
753,2,0.9828901610683315,1.0078740157480306,-0.024983854679699102,0,252,0,8.0
754,2,0.9076346653402496,0.9307136494110662,-0.023078984070816544,0,252,0,8.0
755,2,1.1068493052680373,1.1349718381976448,-0.028122532929607535,0,252,0,8.0
756,2,0.9893002414877801,1.014446930635277,-0.02514668914749696,0,252,0,8.0
757,2,1.0995154407629197,1.1274509803921575,-0.027935539629237782,0,252,0,8.0
758,2,0.9011275421736135,0.924041955165559,-0.02291441299194552,0,252,0,8.0
759,2,0.7839406384906757,0.7454942654287268,0.03844637306194898,11,241,0,9.0
760,2,1.040898760799659,1.0673509814514666,-0.026452220651807634,0,252,0,9.0
761,2,1.1716132217385602,1.2013729977116712,-0.02975977597311097,0,252,0,9.0
762,2,0.6808708153025298,0.68193668528864,-0.001065869986110246,10,242,0,9.0
763,2,1.040421303358561,1.066862013851892,-0.026440710493331077,0,252,0,9.0
764,2,1.1554780179993172,1.184829884964026,-0.029351866964708817,0,252,0,9.0
765,2,0.6595885228898614,0.6576244776542243,0.0019640452356370908,7,245,0,10.0
766,2,1.0217136694460174,1.0476812224962508,-0.02596755305023346,0,252,0,10.0
767,2,1.4160006294732224,1.4416547417718226,-0.025654112298600262,3,248,1,10.0
768,2,1.0921359304364742,1.1198848563526564,-0.027748925916182277,0,252,0,10.0
769,2,0.9016410227442492,0.9245686772769829,-0.02292765453273371,0,252,0,10.0
770,2,1.1411374503523974,1.1701263537906155,-0.028988903438218028,0,252,0,10.0
771,2,1.149600607337758,1.1788038103170042,-0.029203202979246168,0,252,0,10.0
772,2,1.2366314618694383,1.2680360721442885,-0.0314046102748502,0,252,0,9.0
773,2,1.003181550842093,1.028680844129388,-0.025499293287295055,0,252,0,9.0
774,2,1.0920173297139273,1.119763276748168,-0.027745947034240714,0,252,0,9.0
775,2,1.095928433260148,1.1237733280390267,-0.027844894778878748,0,252,0,9.0
776,2,0.9996722941401692,1.0250818950765144,-0.025409600936345145,0,252,0,9.0
777,2,1.0916744505848859,1.1194117962754266,-0.02773734569054076,0,252,0,9.0
778,2,1.027528015963747,1.0536422259374254,-0.026114209973678415,0,252,0,9.0
779,2,1.0991110064363756,1.127036581616968,-0.027925575180592466,0,252,0,9.0
780,2,0.9642684699563593,0.988781670390263,-0.024513200433903704,0,252,0,9.0
781,2,1.2941861402681747,1.3140416315726144,-0.019855491304439754,2,250,0,9.0
782,2,1.091183944945774,1.118908689481153,-0.027724744535378987,0,252,0,9.0
783,2,1.0786616248845127,1.1060695344725988,-0.027407909588086143,0,252,0,9.0
784,2,1.0331348527765636,1.0593909725721677,-0.02625611979560416,0,252,0,9.0
785,2,1.1365129426036922,1.1653852582316548,-0.028872315627962664,0,252,0,9.0
786,2,0.7246649310258763,0.7051847103133257,0.01948022071255051,10,241,1,10.0
787,2,1.1073252689456512,1.1354586008051377,-0.02813333185948652,0,252,0,10.0
788,2,1.073680448063121,1.0998009667330126,-0.026120518669891624,1,251,0,10.0
789,2,1.0716139174702044,1.098843767625493,-0.02722985015528856,0,252,0,10.0
790,2,0.8051792646987279,0.8256634854229321,-0.020484220724204194,0,252,0,10.0
791,2,1.134667498528266,1.1634929064562631,-0.028825407927997038,0,252,0,10.0
792,2,1.230988014846085,1.2622514204545456,-0.03126340560846064,0,252,0,10.0
793,2,0.958651114938779,0.9830220713073003,-0.02437095636852138,0,252,0,10.0
794,2,0.9792025674902203,1.0040951330918264,-0.02489256560160613,0,252,0,10.0
795,2,1.0352356440033588,1.0615450244318627,-0.026309380428503948,0,252,0,10.0
796,2,1.0159176497080418,1.0417384644840129,-0.02582081477597109,0,252,0,10.0
797,2,1.175218498841029,1.2050695517774357,-0.029851052936406663,0,252,0,10.0
798,2,1.0173107618573305,1.043166841753413,-0.025856079896082518,0,252,0,10.0
799,2,0.7702128203576395,0.7182850743880966,0.05192774596954286,9,243,0,11.0
800,2,1.0483024180149105,1.0749420337860223,-0.026639615771111735,0,252,0,11.0
801,2,1.1127683907369843,1.1410394163886206,-0.028271025651636306,0,252,0,11.0
802,2,1.041626060754349,1.0680971539263875,-0.02647109317203844,0,252,0,11.0
803,2,0.980553486940089,1.0054788672264108,-0.02492538028632174,0,252,0,10.0
804,2,1.20319113387079,1.2337497016469061,-0.030558567776116208,0,252,0,10.0
805,2,1.0521842317690453,1.0789221327196006,-0.026737900950555282,0,252,0,10.0
806,2,1.0405480568310557,1.0669912693082615,-0.026443212477205824,0,252,0,10.0
807,2,0.9948137805562765,1.0201000098048842,-0.025286229248607794,0,252,0,10.0
808,2,0.9462847194969064,0.9703425621773808,-0.024057842680474395,0,252,0,10.0
809,2,0.963358593881532,0.9878487411295811,-0.0244901472480491,0,252,0,9.0
810,2,1.0839864501493892,1.111530218602657,-0.02754376845326778,0,252,0,9.0
811,2,1.134667498528266,1.1634929064562631,-0.028825407927997038,0,252,0,9.0
812,2,1.0560884859342512,1.036911515508731,0.019176970425520246,1,251,0,9.0
813,2,0.9677951629425074,0.9923976326805555,-0.024602469738048027,0,252,0,9.0
814,2,1.102764036358478,1.130782200718422,-0.028018164359943976,0,252,0,9.0
815,2,1.1545502698585073,1.1838786994581068,-0.02932842959959947,0,252,0,9.0
816,2,1.1501672616504761,1.1793847814355083,-0.029217519785032176,0,252,0,9.0
817,2,1.2831814205747587,1.303304715982593,-0.020123295407834307,5,247,0,9.0
818,2,0.9876208138469496,1.0127249854848068,-0.025104171637857275,0,252,0,9.0
819,2,0.9053140558143322,0.9283343097051352,-0.023020253890802977,0,252,0,9.0
820,2,1.1134123705192984,1.1416999104453316,-0.028287539926033167,0,252,0,9.0
821,2,1.0395799284745189,1.0659986750579664,-0.02641874658344756,0,252,0,9.0
822,2,0.958651114938779,0.9830220713073003,-0.02437095636852138,0,252,0,9.0
823,2,1.0956862760002162,1.1235252428398719,-0.0278389668396557,0,252,0,9.0
824,2,1.0160286533732443,1.0418513920907952,-0.02582273871755092,0,252,0,9.0
825,2,1.0719643125849836,1.0992027615681768,-0.027238448983193164,0,252,0,9.0
826,2,1.118751582427065,1.1471738949471404,-0.02842231252007532,0,252,0,9.0
827,2,1.0962537501001963,1.124106776180697,-0.027853026080500776,0,252,0,9.0
828,2,1.088026889780317,1.115672913117551,-0.027646023337233983,0,252,0,9.0
829,2,1.226526508032754,1.2576754385964912,-0.03114893056373713,0,252,0,8.0
830,2,1.0337569470940238,1.060028536485937,-0.026271589391913208,0,252,0,8.0
831,2,1.095999119169079,1.1226602947033073,-0.02666117553422831,1,251,0,8.0
832,2,1.1112626368593181,1.0910770367633467,0.02018560009597148,1,251,0,9.0
833,2,0.5983111733507093,0.6011190458661554,-0.0028078725154461193,9,243,0,9.0
834,2,1.1365479138459762,1.1654205150759906,-0.02887260123001445,0,252,0,9.0
835,2,1.209265107763603,1.2399790411317786,-0.030713933368175628,0,252,0,8.0
836,2,1.0584955355690577,1.0853935992719563,-0.0268980637028986,0,252,0,8.0
837,2,0.632679114521902,0.602046460176991,0.030632654344910915,4,246,2,9.0
838,2,0.6079091807083999,0.6032670549641825,0.004642125744217407,5,246,1,10.0
839,2,1.040176652953719,1.0666105842765337,-0.026433931322814574,0,252,0,10.0
840,2,0.9792025674902203,1.0040951330918264,-0.02489256560160613,0,252,0,10.0
841,2,1.046918853491501,1.073523438134697,-0.026604584643195928,0,252,0,10.0
842,2,1.075973123836496,1.1033129219657707,-0.027339798129274673,0,252,0,10.0
843,2,1.1486671327916385,1.1778460965157447,-0.02917896372410622,0,252,0,9.0
844,2,0.9518273224155421,0.9760251735677558,-0.024197851152213623,0,252,0,9.0
845,2,1.0399349527257613,1.066362715298885,-0.026427762573123736,0,252,0,9.0
846,2,0.8921153647678122,0.9148014096580627,-0.0226860448902505,0,252,0,8.0
847,2,1.1530031070220799,1.181044735156897,-0.02804162813481703,1,251,0,8.0
848,2,0.679141877295036,0.6592803705023148,0.01986150679272114,9,242,1,9.0
849,2,1.3206779184000108,1.3542085947673743,-0.03353067636736351,0,252,0,9.0
850,2,1.1860212798771457,1.216145833333332,-0.030124553456186254,0,252,0,9.0
851,2,1.028576193306369,1.0547170763717142,-0.026140883065345122,0,252,0,9.0
852,2,1.1429941576100673,1.172029859558855,-0.029035701948787684,0,252,0,9.0
853,2,1.0687081224043244,1.0958644791767784,-0.027156356772453982,0,252,0,9.0
854,2,1.119958339964475,1.1484112149532704,-0.02845287498879534,0,252,0,9.0
855,2,1.0131185020778608,0.9947252747252754,0.018393227352585417,1,251,0,10.0
856,2,0.5745585618681843,0.5651252153173439,0.009433346550840382,7,244,1,11.0
857,2,1.1248243231671973,1.1534005037783401,-0.028576180611142865,0,252,0,11.0
858,2,0.998778340440449,1.04047782089325,-0.04169948045280092,1,251,0,11.0
859,2,0.9996754331238114,1.0250842049282034,-0.02540877180439205,0,252,0,10.0
860,2,1.1557548297289852,1.185113979675912,-0.029359149946926788,0,252,0,10.0
861,2,0.8643919459860223,0.8863762872251586,-0.021984341239136285,0,252,0,10.0
862,2,1.0881170342509894,1.1157641808976229,-0.02764714664663348,0,252,0,10.0
863,2,1.0055709592702238,0.9873155578565883,0.018255401413635464,1,251,0,11.0
864,2,1.0398623462703929,1.066288346081094,-0.02642599981070104,0,252,0,11.0
865,2,1.1459942370905316,1.1751058425063485,-0.02911160541581692,0,252,0,10.0
866,2,1.1291982223416364,1.1578848853532981,-0.028686663011661784,0,252,0,10.0
867,2,1.1203145591886614,1.1487764511171548,-0.028461891928493355,0,252,0,10.0
868,2,1.0700684767411757,1.059596051082329,0.010472425658846651,2,250,0,11.0
869,2,1.0483024180149105,1.0749420337860223,-0.026639615771111735,0,252,0,11.0
870,2,1.2784753324502403,1.3109389454209073,-0.03246361297066702,0,252,0,11.0
871,2,1.1163887732517608,1.1447513812154724,-0.028362607963711595,0,252,0,11.0
872,2,0.9905670316341958,1.0244101559310963,-0.033843124296900506,1,251,0,11.0
873,2,1.0626744856825883,1.0896777620396594,-0.027003276357071115,0,252,0,11.0
874,2,1.0815859404518327,1.1090677966101716,-0.02748185615833898,0,252,0,11.0
875,2,1.0955728477588733,1.1234085893736185,-0.027835741614745224,0,252,0,11.0
876,2,0.6307481188701597,0.6304552363031043,0.00029288256705539695,9,241,2,12.0
877,2,1.2086499922626814,1.239346648338321,-0.03069665607563965,0,252,0,12.0
878,2,1.110786072768258,1.139007202044449,-0.028221129276191137,0,252,0,12.0
879,2,1.0856285550015443,1.1132128110701949,-0.02758425606865056,0,252,0,12.0
880,2,1.1401203677110292,1.16908367814245,-0.028963310431420863,0,252,0,12.0
881,2,1.1146062389397402,1.1429236499068924,-0.028317410967152234,0,252,0,12.0
882,2,1.0251415036819227,1.051194822436109,-0.02605331875418626,0,252,0,12.0
883,2,1.0574529320560566,1.0843253968253974,-0.026872464769340798,0,252,0,12.0
884,2,1.0497077057575583,1.0763827919227391,-0.026675086165180772,0,252,0,12.0
885,2,0.9957276714906298,1.0210370144938556,-0.025309343003225848,0,252,0,12.0
886,2,0.9031245440042334,0.9260894332099107,-0.022964889205677297,0,252,0,11.0
887,2,1.1486237139981923,1.1778021620742916,-0.02917844807609926,0,252,0,11.0
888,2,0.9733632948418258,0.9981065626538427,-0.024743267812016856,0,252,0,11.0
889,2,1.0763652925873224,1.1037150386806103,-0.027349746093287886,0,252,0,11.0
890,2,1.0395799284745189,1.0659986750579664,-0.02641874658344756,0,252,0,11.0
891,2,1.0364098396283161,1.062748915833259,-0.026339076204942913,0,252,0,11.0
892,2,1.0544104120190634,1.08120453391981,-0.026794121900746593,0,252,0,11.0
893,2,1.2139417958058745,1.2447725346142988,-0.03083073880842435,0,252,0,11.0
894,2,1.094149186462138,1.1219490064422466,-0.02779981998010861,0,252,0,11.0
895,2,1.0891771868847309,1.115672913117551,-0.026495726232820038,1,251,0,11.0
896,2,0.9597485184325173,0.984147264811659,-0.024398746379141745,0,252,0,11.0
897,2,1.098541550056306,1.126452617706961,-0.027911067650654875,0,252,0,11.0
898,2,0.9197467570690526,0.943132898208581,-0.023386141139528416,0,252,0,11.0
899,2,1.11157707022235,1.1398179955402896,-0.028240925317939647,0,252,0,10.0
900,2,1.24127596384282,1.2727980191015205,-0.031522055258700554,0,252,0,10.0
901,2,0.8929647310294345,0.803584286742939,0.0893804442864955,11,240,1,11.0
902,2,1.2007244097708063,1.2312214239059458,-0.0304970141351395,0,252,0,11.0
903,2,1.1050680805980209,1.1331444759206803,-0.028076395322659486,0,252,0,11.0
904,2,1.0905954340996504,1.1183056407330798,-0.02771020663342938,0,252,0,11.0
905,2,1.1750772288160973,1.2049246231155755,-0.029847394299478136,0,252,0,11.0
906,2,1.1580236255292433,1.1874396135265708,-0.029415987997327475,0,252,0,11.0
907,2,1.0519892810333007,1.0787221421913407,-0.026732861158039967,0,252,0,11.0
908,2,1.0013954211125204,1.0268488901812534,-0.025453469068732915,0,252,0,11.0
909,2,1.023129834463903,1.049132241505742,-0.026002407041838982,0,252,0,11.0
910,2,0.9099645470329482,0.9331030359396801,-0.02313848890673198,0,252,0,11.0
911,2,1.1669920622926195,1.1966351209253419,-0.02964305863272232,0,252,0,11.0
912,2,1.1682524405998356,1.1979268805154792,-0.02967443991564367,0,252,0,10.0
913,2,1.0481974343353406,1.0748343829230407,-0.02663694858770005,0,252,0,10.0
914,2,1.2241101568178383,1.2551979688464956,-0.03108781202865729,0,252,0,10.0
915,2,0.8533088455663438,0.8548662882155798,-0.0015574426492359628,1,251,0,10.0
916,2,1.1449131705163358,1.1739976374122703,-0.02908446689593447,0,252,0,10.0
917,2,1.046918853491501,1.073523438134697,-0.026604584643195928,0,252,0,10.0
918,2,1.0880546118326402,1.1157007914220052,-0.027646179589364994,0,252,0,10.0
919,2,1.0684465788044655,1.095596290075219,-0.027149711270753496,0,252,0,10.0
920,2,1.1189997711064377,1.1474284448873393,-0.028428673780901637,0,252,0,10.0
921,2,0.5969266071461463,0.5964087816511189,0.0005178254950274352,6,246,0,11.0
922,2,0.5823063379650082,0.5833922943333112,-0.0010859563683029982,1,251,0,11.0
923,2,1.0412133873469738,1.0676735165470006,-0.026460129200026827,0,252,0,11.0
924,2,1.0430295221173398,1.0240910104840522,0.018938511633287636,1,251,0,12.0
925,2,1.1702262169059603,1.2010501355013556,-0.03082391859539535,1,251,0,12.0
926,2,1.0584498049664637,1.0853462157809997,-0.026896410814535976,0,252,0,12.0
927,2,0.9857584847467045,1.0108155086668926,-0.02505702392018816,0,252,0,12.0
928,2,1.0332040014825716,1.059461381210558,-0.026257379727986363,0,252,0,12.0
929,2,0.9796248428178261,1.0045268274087473,-0.02490198459092119,0,252,0,12.0
930,2,1.1806892384222607,1.2106787806965569,-0.029989542274296177,0,252,0,12.0
931,2,0.9366054231495071,0.986004630820686,-0.04939920767117889,2,250,0,12.0
932,2,0.9971710697152036,1.0225171172443006,-0.02534604752909697,0,252,0,11.0
933,2,1.0406199914115168,1.067065131405467,-0.026445139993950262,0,252,0,11.0
934,2,1.1649816441577405,1.1945736434108531,-0.029591999253112622,0,252,0,11.0
935,2,1.00146342369473,1.0269174639208685,-0.025454040226138508,0,252,0,11.0
936,2,1.284516117194362,1.3171320234401938,-0.03261590624583177,0,252,0,11.0
937,2,1.3863907220954723,1.4215835777126107,-0.03519285561713836,0,252,0,10.0
938,2,1.0549918430443872,1.0818008550971003,-0.026809012052713133,0,252,0,9.0
939,2,0.8650158185197784,0.8665934669228653,-0.0015776484030869398,1,251,0,9.0
940,2,1.0609137651931828,1.0878730459497834,-0.02695928075660059,0,252,0,9.0
941,2,1.0902140678267063,1.1179154878160096,-0.02770141998930331,0,252,0,9.0
942,2,0.6645109929254768,0.6860586222288331,-0.021547629303356297,11,239,2,9.0
943,2,1.1744428229714097,1.2042743538767395,-0.02983153090532986,0,252,0,9.0
944,2,0.8796862709135649,0.9260894332099107,-0.04640316229634578,2,250,0,9.0
945,2,1.0053697217941693,1.0309232370285968,-0.025553515234427504,0,252,0,9.0
946,2,1.1004541272808486,1.1284133983136073,-0.027959271032758748,0,252,0,9.0
947,2,1.14214702174278,1.1711625938855394,-0.029015572142759405,0,252,0,9.0
948,2,0.9551781267787094,0.9894389933338334,-0.03426086655512406,2,250,0,8.0
949,2,1.13773651322644,1.1666395045632338,-0.02890299133679375,0,252,0,8.0
950,2,1.116243079501956,1.1446017207882342,-0.028358641286278186,0,252,0,8.0
951,2,1.1258342845619447,1.154435770049679,-0.028601485487734335,0,252,0,8.0
952,2,1.560926962550073,1.5848441926345622,-0.023917230084489205,2,250,0,8.0
953,2,0.9932855046978716,1.018533045695235,-0.025247540997363482,0,252,0,8.0
954,2,1.0880105869753918,1.1156562414014513,-0.027645654426059485,0,252,0,8.0
955,2,1.1457198090752896,1.1748242042931163,-0.029104395217826706,0,252,0,7.0
956,2,1.1176062603905859,1.145999645201349,-0.028393384810763145,0,252,0,6.0
957,2,1.1649816441577405,1.1945736434108531,-0.029591999253112622,0,252,0,6.0
958,2,0.6572513782230702,0.6319671507870117,0.025284227436058515,9,242,1,7.0
959,2,1.2222832141507474,1.2533248891703601,-0.031041675019612747,0,252,0,7.0
960,2,1.0779495133931436,1.1053393511027867,-0.027389837709643094,0,252,0,7.0
961,2,0.8890037891801059,0.9116115411681904,-0.022607751988084512,0,252,0,7.0
962,2,1.0633234126294273,1.090343285033549,-0.027019872404121736,0,252,0,7.0
963,2,1.1426040148825278,1.1716298620567167,-0.02902584717418888,0,252,0,6.0
964,2,1.1156345654065216,1.1439781834372271,-0.02834361803070551,0,252,0,6.0
965,2,1.2855409310817068,1.3052656268324154,-0.019724695750708676,2,250,0,6.0
966,2,1.1699729000107282,1.1996908127208505,-0.029717912710122363,0,252,0,6.0
967,2,0.5694701624888941,0.5651252153173439,0.004344947171550206,5,246,1,7.0
968,2,0.908666717335537,0.931772305207912,-0.023105587872374933,0,252,0,6.0
969,2,1.0900879212542245,1.11778614589719,-0.027698224642965563,0,252,0,6.0
970,2,1.1034655163903475,1.1315013562920149,-0.02803583990166736,0,252,0,6.0
971,2,0.6782036534020413,0.6441011661366032,0.034102487265438075,6,244,2,7.0
972,2,1.0165754364322102,1.0424141076314986,-0.0258386711992884,0,252,0,7.0
973,2,1.1622953352337433,1.1918190702219735,-0.029523734988230244,0,252,0,7.0
974,2,1.022568386606831,1.0485570533510524,-0.02598866674422151,0,252,0,7.0
975,2,0.9197500920222629,0.9431361286616888,-0.023386036639425956,0,252,0,7.0
976,2,1.1509468784311756,1.18018352025211,-0.02923664182093444,0,252,0,6.0
977,2,1.1561886213626225,1.185558252427185,-0.029369631064562585,0,252,0,6.0
978,2,1.0602741342447664,1.0872172116692684,-0.026943077424502082,0,252,0,6.0
979,2,1.1163887732517608,1.1447513812154724,-0.028362607963711595,0,252,0,6.0
980,2,0.9598416784634459,0.992638512204572,-0.032796833741126075,1,251,0,6.0
981,2,1.1108074767302705,1.090630354405266,0.02017712232500446,1,251,0,7.0
982,2,1.1231206240613993,1.1516536380036078,-0.02853301394220842,0,252,0,7.0
983,2,1.0788059178175078,1.1250871427148688,-0.04628122489736097,2,250,0,7.0
984,2,1.1646824052918756,1.1942670738478647,-0.02958466855598907,0,252,0,7.0
985,2,1.06300830725374,1.0888702773124903,-0.02586197005875035,1,251,0,7.0
986,2,1.0126971021630038,1.0384354318683184,-0.025738329705314644,0,252,0,7.0
987,2,1.0011253540785463,1.026570828622194,-0.02544547454364765,0,252,0,7.0
988,2,1.024060408678306,1.0140436914846191,0.010016717193686908,2,250,0,8.0
989,2,1.2246615692513896,1.2557633458007476,-0.031101776549357973,0,252,0,8.0
990,2,1.1075004988089099,1.1356384086648623,-0.028137909855952437,0,252,0,8.0
991,2,1.1533798186434596,1.1826794172848365,-0.02929959864137688,0,252,0,8.0
992,2,1.1286075922093177,1.1572795969773289,-0.028672004768011128,0,252,0,8.0
993,2,1.004075242148648,1.0295953944701193,-0.0255201523214712,0,252,0,8.0
994,2,1.1836218238356269,1.213685379004123,-0.030063555168496237,0,252,0,8.0
995,2,1.4081926127979558,1.418024811481392,-0.00983219868343621,1,251,0,8.0
996,2,1.1860212798771457,1.216145833333332,-0.030124553456186254,0,252,0,8.0
997,2,0.9828901610683315,1.0078740157480306,-0.024983854679699102,0,252,0,8.0
998,2,1.0692487814888922,1.0498310810810811,0.0194177004078111,1,251,0,9.0
999,2,1.1261433883029845,1.1566508026135334,-0.03050741431054882,1,251,0,9.0
1000,2,1.160116675824815,1.1895867171990644,-0.029470041374249467,0,252,0,9.0
