Episode,ENumStateVars,TrainAgent,TrainMarket,TrainDifference,Buys,holds,shorts,Strategy Wins (%)
1,1,0.995513131109534,1.1728625360870515,-0.1773494049775175,81,81,90,
2,1,0.9564590255712848,1.1283972264286286,-0.1719382008573438,75,88,89,
3,1,1.1344140336808364,0.7110284221360138,0.42338561154482257,65,87,100,
4,1,1.1449329879166499,0.9245686772769829,0.220364310639667,75,90,87,
5,1,1.0906520660956234,1.0418118466898947,0.04884021940572869,69,89,94,
6,1,1.141774543812735,1.1428710178710162,-0.0010964740582812826,94,68,90,
7,1,0.8479502846437629,1.1421447411803505,-0.2941944565365876,95,82,75,
8,1,1.009597531958203,1.1865838509316755,-0.1769863189734726,80,91,81,
9,1,1.0168758469636465,1.018533045695235,-0.0016571987315885384,95,87,70,
10,1,1.0601288607987482,1.1897516752069364,-0.12962281440818813,84,79,89,
11,1,0.9819084448319784,1.1416999104453316,-0.15979146561335322,87,87,78,
12,1,0.9626810622471857,1.0949703458368638,-0.13228928358967806,75,87,90,
13,1,0.9786259566619012,1.282262030207235,-0.30363607354533373,70,111,71,
14,1,0.8007922324573795,1.2613323871196658,-0.46054015466228626,79,98,75,
15,1,0.9574794742116732,1.1325028312570793,-0.17502335704540606,81,91,80,
16,1,1.236349944468064,1.133113778816533,0.10323616565153082,64,105,83,
17,1,0.9910142850839644,1.1234073534765194,-0.13239306839255505,96,79,77,
18,1,1.1074154200040982,1.1451295506723511,-0.03771413066825291,87,83,82,
19,1,0.9312503235610027,0.9876069206842906,-0.05635659712328789,107,66,79,
20,1,1.055747803475284,1.0865177346658847,-0.030769931190600674,104,72,76,
21,1,1.0090770805035423,1.1191119464348642,-0.11003486593132195,103,82,67,
22,1,1.2558810626145687,1.1206094334458552,0.1352716291687135,94,87,71,
23,1,0.8675505108766783,1.2441442422921885,-0.3765937314155101,105,67,80,
24,1,1.078814057649468,1.2862274588691704,-0.20741340121970242,101,77,74,
25,1,1.0119763841192237,1.0394229395800603,-0.02744655546083652,91,77,84,
26,1,0.8417333242544612,1.1476172354010752,-0.30588391114661395,108,69,75,
27,1,0.968602679316642,1.0438399467598383,-0.07523726744319625,124,61,67,
28,1,1.1047306676652195,1.0340478080620945,0.07068285960312504,95,78,79,
29,1,0.9682329364233798,1.1234073534765194,-0.1551744170531396,107,62,83,
30,1,0.9418506242012643,1.078694982017471,-0.13684435781620663,90,83,79,
31,1,1.0247128085095292,1.1013739946380705,-0.07666118612854134,98,74,80,
32,1,0.7074904673365159,0.5953554310403022,0.11213503629621369,98,74,80,
33,1,0.9440019104288078,1.109170305676858,-0.16516839524805027,101,78,73,
34,1,0.8752055893849938,1.0485298529852978,-0.17332426360030395,106,70,76,
35,1,0.9788997069189347,1.126229012252306,-0.1473293053333713,97,76,79,
36,1,0.9203992056598446,1.197928939046318,-0.27752973338647335,93,72,87,
37,1,0.9375099526578617,1.220218143123175,-0.28270819046531315,108,75,69,
38,1,1.1376428017885336,1.1090677966101716,0.02857500517836198,95,87,70,
39,1,0.886701728409393,1.359976525821598,-0.4732747974122049,118,75,59,
40,1,0.9505524025815592,1.1842627568986517,-0.23371035431709253,103,90,59,
41,1,1.0756067373466527,1.1021990863699163,-0.026592349023263573,116,54,82,
42,1,0.9698116555219088,1.1545399393326585,-0.18472828381074968,119,54,79,
43,1,1.0403828684475884,1.2022185970636208,-0.16183572861603235,106,72,74,
44,1,1.0056782468054386,1.2613323871196658,-0.2556541403142272,130,61,61,
45,1,1.180386293164059,0.9395355324639086,0.24085076070015032,120,74,58,
46,1,0.9167286173751256,1.0937956559851951,-0.17706703861006956,127,59,66,
47,1,1.2632978936553945,1.0742457007517239,0.1890521929036706,114,76,62,
48,1,1.4515610484378767,0.5767513359197709,0.8748097125181058,116,68,68,
49,1,0.7915613500516208,0.8428581022093882,-0.05129675215776741,111,62,79,
50,1,0.9537096404213765,1.1966480446927374,-0.24293840427136093,116,51,85,
51,1,0.9316320523943679,1.1297458665033684,-0.19811381410900053,121,57,74,
52,1,0.9098727038375702,1.066862013851892,-0.15698931001432181,125,58,69,
53,1,1.158854551183372,1.1382228490832127,0.02063170210015941,114,64,74,
54,1,0.8265942289255973,1.1396914885286953,-0.313097259603098,134,59,59,
55,1,1.13454524157916,1.2603183546978447,-0.12577311311868478,116,71,65,
56,1,1.0384125807500078,1.056293261760136,-0.017880681010128185,133,60,59,
57,1,1.0642209282051072,1.5827367841409712,-0.518515855935864,122,70,60,
58,1,0.8395344533937721,1.0652573529411746,-0.22572289954740254,118,64,70,
59,1,1.0309645497597724,1.1895424836601296,-0.15857793390035724,120,70,62,
60,1,0.9116215250905534,1.1148410702035225,-0.20321954511296914,136,62,54,
61,1,0.9298522061751685,1.1235643564356412,-0.19371215026047273,120,71,61,
62,1,1.1684620844479916,1.004275026718915,0.1641870577290765,126,68,58,
63,1,0.8517627801385182,0.9723534384167879,-0.12059065827826965,122,61,69,
64,1,0.9085953157303138,1.1107100429498318,-0.20211472721951795,123,69,60,
65,1,0.8815525279512759,1.1238065177937338,-0.24225398984245783,120,75,57,
66,1,0.9150242980403487,1.2342375366568916,-0.31921323861654294,116,67,69,
67,1,1.3719894015433882,1.4979034221560936,-0.1259140206127054,124,61,67,
68,1,0.8937217911986324,0.9357692827232201,-0.042047491524587755,132,64,56,
69,1,1.2341898241734963,1.1467301862278054,0.0874596379456909,133,67,52,
70,1,0.7273306510118518,0.929366197183098,-0.2020355461712462,135,63,54,
71,1,1.0308041399666417,0.9178364987613546,0.11296764120528702,141,56,55,
72,1,1.0862395015324433,1.172029859558855,-0.08579035802641166,132,57,63,
73,1,1.072114378988798,1.0248760623229447,0.04723831666585321,128,67,57,
74,1,0.6857332926748656,0.622944830105955,0.06278846256891057,137,58,57,
75,1,0.9050645528018997,1.074638233054074,-0.16957368025217434,134,60,58,
76,1,0.7332377881774885,1.0576212384041026,-0.3243834502266141,137,61,54,
77,1,1.0326759120157312,1.0964782710098735,-0.06380235899414233,140,46,66,
78,1,1.291099322785078,1.066862013851892,0.22423730893318594,142,62,48,
79,1,0.9639337821263124,1.2274210084816861,-0.2634872263553737,127,63,62,
80,1,1.102146404882261,1.1778021620742916,-0.07565575719203066,139,54,59,
81,1,0.8258652102188935,1.254108304841733,-0.4282430946228395,139,57,56,
82,1,0.9309060102750795,1.099281953087604,-0.16837594281252444,135,54,63,
83,1,1.2378902669163905,1.0105644208037823,0.2273258461126082,139,55,58,
84,1,0.9267209708520971,1.4285014091410373,-0.5017804382889401,129,61,62,
85,1,1.0477790861014462,1.0976393941957865,-0.04986030809434028,146,51,55,
86,1,1.0932481263809257,1.1943950594179868,-0.10114693303706113,129,62,61,
87,1,1.0466715086778529,1.197821634704896,-0.15115012602704314,145,53,54,
88,1,0.990756315491934,1.1098323516085185,-0.11907603611658446,146,48,58,
89,1,1.048049269181518,1.139923529664478,-0.0918742604829601,149,50,53,
90,1,1.12832568375884,1.116453351296734,0.01187233246210595,147,50,55,
91,1,1.1845612304577722,1.1025463192311495,0.08201491122662263,125,66,61,
92,1,1.106807459571113,1.2011133200795234,-0.09430586050841039,143,55,54,
93,1,1.0333845071926242,1.1390591907256722,-0.10567468353304799,144,64,44,
94,1,0.9305111749879887,1.1787324946593885,-0.2482213196713997,149,41,62,
95,1,0.9795288990945956,0.9376490856082681,0.04187981348632752,170,45,37,
96,1,0.8989096689617471,0.6101242761402818,0.2887853928214653,143,48,61,
97,1,1.0194061695893324,1.120216503655873,-0.10081033406654072,146,48,58,
98,1,1.2930931415317408,1.2957039458323611,-0.0026108043006203285,168,44,40,
99,1,1.0340137356645556,0.9924992787768058,0.041514456887749795,145,57,50,
100,1,1.0046439094448918,1.0479213776308929,-0.04327746818600109,159,46,47,24.0
101,1,1.4381025555091913,1.4285014091410373,0.009601146368154012,149,51,52,25.0
102,1,0.817892625238027,1.0253957504444262,-0.20750312520639924,159,47,46,25.0
103,1,1.1966236721942451,1.1312670190613492,0.06535665313289596,157,49,46,25.0
104,1,1.0786072544441383,1.073796415602671,0.00481083884146738,167,42,43,25.0
105,1,0.9920470617041963,1.2362386881676524,-0.24419162646345605,142,55,55,24.0
106,1,1.1940441390783494,1.1645801097200732,0.02946402935827619,162,43,47,25.0
107,1,1.320245351215032,1.1412970304435615,0.1789483207714706,160,45,47,26.0
108,1,1.1193691449046508,1.1460685091475282,-0.026699364242877444,156,56,40,26.0
109,1,1.0377834133971522,1.2672413793103456,-0.22945796591319345,149,44,59,26.0
110,1,0.9800305011152651,0.7845123091305699,0.19551819198469522,150,50,52,27.0
111,1,1.0361876933902943,1.2405130540376432,-0.20432536064734896,136,60,56,27.0
112,1,1.084820753614863,1.1566794636399051,-0.07185871002504207,157,52,43,27.0
113,1,1.141185800725991,1.1674300254452918,-0.02624422471930088,158,50,44,27.0
114,1,1.0173356925546426,0.93549471984933,0.08184097270531265,171,31,50,28.0
115,1,1.0826791424430415,1.1462807172902396,-0.06360157484719808,160,52,40,28.0
116,1,1.2480251945026857,0.9933155080213893,0.2547096864812963,152,49,51,28.0
117,1,1.1597288799633534,1.0435978404807993,0.1161310394825541,160,50,42,29.0
118,1,1.3747576197318032,1.0037119878170642,0.37104563191473905,162,40,50,30.0
119,1,0.9239445070746767,0.8373050698710588,0.08663943720361789,161,45,46,31.0
120,1,0.960040833388079,1.151575209546225,-0.19153437615814606,157,63,32,31.0
121,1,1.0330714209891492,1.2129400099157166,-0.17986858892656743,162,41,49,31.0
122,1,0.8134732177136648,0.7710088906068788,0.04246432710678594,172,43,37,31.0
123,1,1.0707626881747772,1.1923467660006775,-0.1215840778259003,163,51,38,31.0
124,1,1.0336636784316788,1.1222556253985616,-0.08859194696688277,175,34,43,31.0
125,1,1.1903623542724964,1.0473679661163446,0.14299438815615173,159,39,54,32.0
126,1,1.072107032149703,1.220273215329825,-0.14816618318012198,173,38,41,32.0
127,1,0.9085862948745193,0.7036711891460493,0.20491510572846994,177,40,35,33.0
128,1,1.068294705136545,1.3719731479261577,-0.30367844278961265,170,39,43,32.0
129,1,1.005693428962016,1.1155463302996462,-0.10985290133763015,171,41,40,32.0
130,1,0.9474033899401395,1.066229066733989,-0.11882567679384959,170,41,41,32.0
131,1,1.042184895983684,1.0272809223323993,0.014903973651284597,177,38,37,33.0
132,1,1.190737511354665,1.220487952720109,-0.029750441365443914,174,41,37,32.0
133,1,1.1518965291982046,1.0977714477211804,0.05412508147702422,156,48,48,33.0
134,1,1.1529068930083863,1.1018990775908863,0.05100781541749999,189,32,31,34.0
135,1,0.792033952352855,1.0289751641450182,-0.2369412117921632,172,45,35,34.0
136,1,1.011657730547257,1.1317048486521306,-0.12004711810487367,168,40,44,34.0
137,1,1.023101329566974,1.1550553769203278,-0.1319540473533538,178,38,36,34.0
138,1,0.8244646938536478,0.9058224163027656,-0.08135772244911776,177,36,39,33.0
139,1,1.1176377330824283,1.1720124696917225,-0.05437473660929415,193,25,34,33.0
140,1,1.089970364462776,1.1194117962754266,-0.029441431812650576,191,34,27,33.0
141,1,1.039799707264749,1.0986326344576107,-0.05883292719286182,176,33,43,33.0
142,1,1.0070314557223732,1.1707377049180328,-0.16370624919565957,172,33,47,33.0
143,1,0.9967760454420137,1.1403406244782082,-0.14356457903619446,177,35,40,33.0
144,1,1.2546858237377505,1.118255439555081,0.1364303841826695,185,41,26,34.0
145,1,1.1192470632336429,1.233523544017078,-0.11427648078343511,176,37,39,33.0
146,1,1.0322340394946479,1.1203178206583417,-0.08808378116369386,179,40,33,33.0
147,1,1.054049711420259,1.0642477019835508,-0.010197990563291848,180,37,35,32.0
148,1,1.6661896154126596,1.565593196709887,0.10059641870277258,184,34,34,32.0
149,1,1.035069235634293,1.1621803176431083,-0.12711108200881527,179,36,37,32.0
150,1,1.10214017046369,1.1389392565729803,-0.03679908610929039,179,34,39,32.0
151,1,0.8782389865496721,1.0343447815938667,-0.15610579504419453,183,35,34,32.0
152,1,0.9023463044507218,1.0431687094448452,-0.14082240499412335,174,45,33,32.0
153,1,1.1143565324219153,1.159065436675577,-0.044708904253661697,179,48,25,31.0
154,1,0.9692762085348486,1.0881527231892199,-0.11887651465437121,190,31,31,31.0
155,1,1.1292312080934284,1.2144030025803427,-0.08517179448691437,191,29,32,31.0
156,1,1.052763740282287,1.1538797072650586,-0.1011159669827717,168,42,42,31.0
157,1,0.6784836764967467,0.6404100529100527,0.03807362358669397,186,30,36,32.0
158,1,1.0160394484801996,1.1605111899229557,-0.1444717414427561,189,31,32,32.0
159,1,1.0379894688435212,0.7884817441555033,0.24950772468801785,191,24,37,33.0
160,1,1.1330091447197623,1.2096530920060344,-0.07664394728627211,194,25,33,33.0
161,1,1.130401501133493,1.0925540577218846,0.037847443411608284,192,32,28,34.0
162,1,1.1391473008549018,1.154435770049679,-0.015288469194777221,191,32,29,33.0
163,1,1.0335567644251868,0.9292456033136413,0.10431116111154559,197,26,29,34.0
164,1,1.1364342217419725,1.3950833042059918,-0.2586490824640193,193,29,30,34.0
165,1,1.0280006764245724,1.1759308589356547,-0.14793018251108236,186,36,30,34.0
166,1,0.9078597136356283,1.2905002294630563,-0.382640515827428,195,30,27,34.0
167,1,0.9173929996355616,1.0862428584383772,-0.16884985880281556,189,31,32,34.0
168,1,1.0388653541322688,1.062748915833259,-0.023883561700990263,194,29,29,34.0
169,1,0.985875716720005,1.1554483462448406,-0.16957262952483565,197,32,23,33.0
170,1,0.8654199505231449,1.0045268274087473,-0.13910687688560242,196,23,33,33.0
171,1,0.754458680401617,0.9179079617379713,-0.16344928133635428,202,22,28,32.0
172,1,1.1582794795084879,1.2129400099157166,-0.054660530407228736,194,33,25,32.0
173,1,1.0705406720282977,1.142922166590805,-0.0723814945625072,196,27,29,31.0
174,1,1.1591586580665711,1.1142960812772134,0.04486257678935779,201,36,15,31.0
175,1,0.9233528218539728,0.984147264811659,-0.06079444295768621,194,27,31,31.0
176,1,0.9168219199380448,1.0853935992719563,-0.16857167933391148,209,23,20,31.0
177,1,0.8674799982555846,1.013340657615946,-0.1458606593603614,200,27,25,31.0
178,1,1.0294913650074407,1.208934561524946,-0.1794431965175054,191,28,33,30.0
179,1,1.110097771783261,1.0000473933649283,0.11005037841833265,211,16,25,31.0
180,1,1.0191197475696294,1.0312942155638762,-0.012174467994246818,207,23,22,31.0
181,1,1.0813611236029192,1.1410887030660752,-0.05972757946315599,210,23,19,31.0
182,1,1.1175078497330047,1.1039499527169543,0.013557897016050369,207,19,26,32.0
183,1,1.1102815007930766,1.0191838158353668,0.09109768495770987,211,13,28,32.0
184,1,0.9303749369007224,0.929366197183098,0.001008739717624385,200,38,14,33.0
185,1,1.0756978627740519,0.804805289042973,0.2708925737310789,203,24,25,34.0
186,1,1.110800724939933,1.121232269503545,-0.01043154456361206,202,26,24,34.0
187,1,1.105245216741046,1.161811856197558,-0.05656663945651186,204,25,23,34.0
188,1,0.9111610468559557,1.0505321527591445,-0.1393711059031888,196,26,30,34.0
189,1,1.1874182602151384,1.1398179955402896,0.04760026467484879,201,25,26,35.0
190,1,0.8794135150827882,1.0365365743187138,-0.15712305923592562,216,22,14,34.0
191,1,1.124193702709595,1.007788461538462,0.11640524117113293,221,16,15,34.0
192,1,1.1695448554528054,1.087730337078651,0.08181451837415432,202,22,28,35.0
193,1,1.1498553997624474,1.1808458920758371,-0.030990492313389684,213,23,16,35.0
194,1,1.020892414382477,1.1181721398738846,-0.09727972549140773,213,15,24,35.0
195,1,1.3453164700032978,1.027599120735978,0.31771734926731976,216,17,19,35.0
196,1,1.0332547186632401,1.046111014442317,-0.012856295779076765,215,12,25,34.0
197,1,1.155792973683904,1.1918190702219735,-0.03602609653806943,201,29,22,34.0
198,1,1.0987544172887953,1.1344571868541535,-0.03570276956535823,214,21,17,34.0
199,1,1.1029402481030015,1.161725296694883,-0.058785048591881495,216,15,21,33.0
200,1,1.4179764563252863,1.3852562484221163,0.032720207903170095,220,19,13,34.0
201,1,1.2309851338178475,1.224692737430167,0.006292396387680421,214,22,16,34.0
202,1,0.6414772577594015,0.6187518485655117,0.022725409193889767,216,19,17,35.0
203,1,1.044832227293579,1.0519927169735,-0.0071604896799208895,219,25,8,34.0
204,1,1.1113721412909578,1.3359981189748418,-0.22462597768388393,218,17,17,33.0
205,1,0.96486774733311,1.0791459220859227,-0.11427817475281277,225,17,10,33.0
206,1,0.7570342749489097,0.7603677621283252,-0.0033334871794155063,225,11,16,32.0
207,1,1.1557606747872082,1.1069318345582948,0.04882884022891343,219,15,18,32.0
208,1,1.4134146036928505,1.0151735765192735,0.398241027173577,222,15,15,33.0
209,1,1.2387566174558784,1.2265254505216574,0.012231166934220994,227,12,13,34.0
210,1,1.035221483731641,1.0388224154256676,-0.0036009316940266434,230,12,10,33.0
211,1,1.1828206583740282,1.1202543142597625,0.06256634411426565,226,17,9,34.0
212,1,1.0429913344371662,1.0723568668774148,-0.029365532440248643,224,16,12,34.0
213,1,1.1501128311453055,1.17703217515032,-0.02691934400501461,233,11,8,34.0
214,1,0.9638983565612333,0.9956530428699929,-0.03175468630875955,220,14,18,33.0
215,1,1.0456415366725862,1.0871236386931455,-0.04148210202055935,231,7,14,33.0
216,1,1.0397079146993717,1.0145282153234436,0.025179699375928122,225,10,17,33.0
217,1,1.0377484523013865,1.0290258740746163,0.008722578226770139,230,11,11,33.0
218,1,0.9418229037630883,0.9061349693251534,0.03568793443793494,231,10,11,33.0
219,1,1.0313761737442868,1.096358043068374,-0.06498186932408712,225,11,16,32.0
220,1,0.9112287768085398,0.9963102590839827,-0.08508148227544299,234,8,10,32.0
221,1,1.1669260238836918,1.1429915718844614,0.02393445199923039,228,7,17,33.0
222,1,1.2900730050071552,1.277251519864272,0.012821485142883171,239,8,5,33.0
223,1,1.0226773904533983,1.0919478855190092,-0.0692704950656109,235,8,9,33.0
224,1,0.6943307854439646,0.6067490074988955,0.08758177794506916,235,8,9,34.0
225,1,1.167701699210481,1.1918190702219735,-0.024117371011492583,232,11,9,33.0
226,1,1.226406873535253,1.0018946570670704,0.22451221646818253,234,7,11,34.0
227,1,1.2431877536480074,1.1658949243098844,0.07729282933812298,232,10,10,34.0
228,1,1.0688416984868874,1.1568378365173204,-0.08799613803043305,242,6,4,34.0
229,1,1.1035908564808066,1.0909836065573761,0.01260724992343043,238,4,10,35.0
230,1,0.794736221815696,0.7779705117085854,0.016765710107110587,243,7,2,36.0
231,1,1.0036125828785456,0.9279889271285344,0.07562365575001118,237,5,10,36.0
232,1,1.1757085085381003,1.175609184629802,9.932390829825444e-05,233,12,7,37.0
233,1,1.1103043663132297,1.1367784324972616,-0.02647406618403192,238,9,5,36.0
234,1,1.0600657604520412,1.0888702773124903,-0.02880451686044916,237,9,6,35.0
235,1,1.493275394394862,1.439113049800074,0.05416234459478808,240,6,6,36.0
236,1,1.1130044985886067,1.1183713143968028,-0.00536681580819609,237,10,5,36.0
237,1,1.2438695830311404,1.2578238875075005,-0.013954304476360146,246,3,3,36.0
238,1,1.2087027650963655,1.131684027777777,0.07701873731858844,232,6,14,37.0
239,1,1.2432663379636517,1.2736660929432015,-0.03039975497954983,245,4,3,37.0
240,1,1.1714788730973553,1.1564504258227313,0.015028447274624046,241,2,9,38.0
241,1,1.135464970500926,1.1528851614030506,-0.017420190902124544,239,7,6,38.0
242,1,1.0303699591837119,1.018792149731,0.011577809452711918,250,2,0,39.0
243,1,1.1335911249574415,1.124443962243681,0.009147162713760482,245,3,4,40.0
244,1,1.2678536015336501,1.2500110546097714,0.017842546923878766,243,7,2,40.0
245,1,0.9887041618427048,0.9991658451505275,-0.010461683307822711,246,4,2,40.0
246,1,1.2115622799602261,1.2651455546813526,-0.05358327472112645,241,7,4,40.0
247,1,1.0504579577813085,1.0576564962039807,-0.007198538422672263,249,2,1,40.0
248,1,1.2457104427787058,1.303304715982593,-0.057594273203887214,247,3,2,39.0
249,1,1.2906188531319565,1.2787732598208132,0.01184559331114321,249,2,1,40.0
250,1,1.0656564856638568,1.0570719602977658,0.008584525366091,248,3,1,41.0
251,1,1.1221078034920244,1.1203312033120327,0.0017766001799917053,250,1,1,42.0
252,1,0.8108538331939359,0.8354464709471824,-0.024592637753246493,250,1,1,42.0
253,1,1.0952184650595274,1.0822388672275822,0.012979597831945133,252,0,0,43.0
254,1,1.1239852019043033,1.1169026169026146,0.007082585001688679,251,1,0,44.0
255,1,1.1511960024245338,1.1518673780487807,-0.000671375624246906,251,1,0,44.0
256,1,0.9621799777718163,0.9981065626538427,-0.03592658488202638,250,2,0,44.0
257,1,1.1652381439192534,1.1488364235333866,0.016401720385866847,248,3,1,44.0
258,1,1.0257347771058933,1.0257347771058933,0.0,252,0,0,44.0
259,1,1.2642799756450718,1.2544424414112767,0.009837534233795076,251,1,0,44.0
260,1,0.9079524300556392,0.9058399619280706,0.002112468127568601,252,0,0,45.0
261,1,1.113592498787073,1.112410841654778,0.0011816571322948999,250,1,1,45.0
262,1,1.0427118193646745,1.0472551779609909,-0.0045433585963163825,251,0,1,45.0
263,1,1.131657628433737,1.1317048486521306,-4.722021839365098e-05,251,1,0,44.0
264,1,1.0963201879981277,1.1157007914220052,-0.019380603423877485,251,1,0,44.0
265,1,1.200532909078009,1.2076239426062723,-0.007091033528263235,249,2,1,44.0
266,1,1.0869173476161238,1.0962765957446807,-0.00935924812855693,251,1,0,44.0
267,1,1.1053753265233408,1.1025463192311495,0.0028290072921912657,250,1,1,45.0
268,1,1.1371452968375488,1.1095914585723123,0.027553838265236497,251,0,1,46.0
269,1,1.151830429390735,1.1302008336491076,0.021629595741627483,250,0,2,47.0
270,1,1.0866972841478553,1.1021990863699163,-0.01550180222206099,252,0,0,47.0
271,1,1.1849957883618083,1.171917928333433,0.01307786002837541,250,2,0,48.0
272,1,1.0050878044902367,1.0551232919134443,-0.050035487423207625,246,3,3,48.0
273,1,1.244955589823194,1.2338488317600582,0.01110675806313588,250,1,1,49.0
274,1,1.122963926060653,1.1215369918267708,0.0014269342338821822,251,1,0,49.0
275,1,1.1789624845468984,1.1499323024299861,0.02903018211691233,248,3,1,50.0
276,1,1.115795819002337,1.0676735165470006,0.04812230245533633,251,0,1,51.0
277,1,1.1326499535203014,1.120086117534484,0.01256383598581734,251,1,0,52.0
278,1,1.1101091161802565,1.1046693984924343,0.005439717687822254,252,0,0,53.0
279,1,0.9866131111423129,1.0030785511568627,-0.01646544001454986,251,1,0,52.0
280,1,1.0786901463983622,1.0854812398042393,-0.0067910934058770245,251,0,1,52.0
281,1,1.1543827207570474,1.11867179193588,0.03571092882116744,249,1,2,53.0
282,1,1.1340442282050212,1.1348158443363439,-0.0007716161313227055,252,0,0,52.0
283,1,1.0605185350254678,1.0458819432352418,0.014636591790226028,250,1,1,52.0
284,1,1.3479129406933001,1.3719731479261577,-0.02406020723285751,251,0,1,51.0
285,1,0.6141056082749191,0.6299637706897766,-0.01585816241485749,252,0,0,50.0
286,1,1.221602527321352,1.2221946529371652,-0.0005921256158132326,250,2,0,50.0
287,1,1.1329001656229467,1.1295681063122909,0.0033320593106558327,252,0,0,51.0
288,1,1.2049574842240571,1.2100912200684144,-0.005133735844357279,250,2,0,51.0
289,1,1.0668208133170154,1.0693728903890556,-0.002552077072040193,250,0,2,50.0
290,1,1.209667081890817,1.2118567945592202,-0.0021897126684031765,251,1,0,50.0
291,1,1.3887927317859212,1.395528700906346,-0.006735969120424734,250,1,1,49.0
292,1,0.6575660602466439,0.6576244776542243,-5.8417407580391156e-05,251,1,0,48.0
293,1,0.9363085920455458,0.943132898208581,-0.006824306163035199,252,0,0,48.0
294,1,1.232389261549427,1.224705805009535,0.007683456539891997,251,1,0,49.0
295,1,1.0079246577817058,1.0140866558177395,-0.006161998036033678,250,2,0,48.0
296,1,1.1680310728828922,1.1906156405990032,-0.022584567716110948,250,0,2,48.0
297,1,1.2089620318163776,1.2253120210203627,-0.016349989203985116,250,1,1,48.0
298,1,1.1001146046873114,1.0975063245392116,0.002608280148099773,252,0,0,49.0
299,1,1.1374063669413124,1.133750339951048,0.0036560269902643494,252,0,0,50.0
300,1,1.1123623841116854,1.0979634066652166,0.014398977446468786,252,0,0,50.0
301,1,1.12324980836153,1.131437927954748,-0.008188119593217857,250,1,1,49.0
302,1,1.1283067724294424,1.125176233635447,0.0031305387939954965,252,0,0,49.0
303,1,1.1049696849397983,1.104272991093763,0.0006966938460353234,251,1,0,50.0
304,1,1.2410231571062125,1.256794398855679,-0.015771241749466425,251,0,1,50.0
305,1,1.1229908634631414,1.1050166084660602,0.017974254997081163,250,1,1,51.0
306,1,1.131905032611904,1.1488364235333866,-0.016931390921482548,250,0,2,51.0
307,1,0.5180120590081431,0.5234857420384376,-0.005473683030294496,250,0,2,50.0
308,1,1.245997895021764,1.2421944332392076,0.0038034617825564165,252,0,0,50.0
309,1,1.1313366422332252,1.1297989031078595,0.0015377391253657002,252,0,0,50.0
310,1,1.0548734847398766,1.055704025388342,-0.0008305406484654387,249,2,1,50.0
311,1,0.9780714683623406,1.007722321573727,-0.029650853211386385,248,2,2,49.0
312,1,0.9119463776033135,0.9312206906352164,-0.019274313031902857,252,0,0,49.0
313,1,1.189413868190632,1.1927143450759512,-0.0033004768853190924,251,0,1,49.0
314,1,1.1482743806117934,1.112891137343077,0.03538324326871645,250,1,1,50.0
315,1,0.9362423030134471,0.9357692827232201,0.00047302029022699976,252,0,0,51.0
316,1,1.1208061088685983,1.1228643025286633,-0.0020581936600649886,250,0,2,50.0
317,1,1.0861250886687366,1.0813399528609393,0.0047851358077972694,252,0,0,50.0
318,1,1.1020784560337338,1.0892613170598426,0.01281713897389114,251,1,0,50.0
319,1,1.074987777471346,1.073523438134697,0.0014643393366491342,252,0,0,51.0
320,1,1.1266843159472855,1.1097966990153714,0.016887616931914096,250,0,2,52.0
321,1,1.0246482918379056,1.028388928317955,-0.0037406364800494085,251,0,1,51.0
322,1,1.1690757986833866,1.1842627568986517,-0.015186958215265056,251,1,0,50.0
323,1,1.092230699942859,1.0888702773124903,0.0033604226303687312,252,0,0,51.0
324,1,1.0356521762195785,1.0351968444208448,0.00045533179873369356,252,0,0,51.0
325,1,1.2154600911613263,1.2049246231155755,0.010535468045750784,251,1,0,52.0
326,1,0.8106079287771233,0.7845123091305699,0.02609561964655338,251,1,0,52.0
327,1,0.9558912309015741,0.9295018783236556,0.026389352577918523,250,2,0,52.0
328,1,1.0586142605908342,1.064600179694521,-0.005985919103686843,252,0,0,52.0
329,1,1.1260139441892185,1.1328580686973446,-0.006844124508126104,251,1,0,51.0
330,1,1.1824989775626125,1.1815251763561168,0.0009738012064957058,252,0,0,51.0
331,1,0.6330436815232596,0.6288272674754474,0.004216414047812256,252,0,0,51.0
332,1,1.1613735917089008,1.1583343420893355,0.003039249619565254,251,0,1,51.0
333,1,1.2573848506966065,1.2057954545454534,0.0515893961511531,251,1,0,52.0
334,1,1.1560888426240787,1.1514729901397378,0.004615852484340932,252,0,0,53.0
335,1,1.1147111775390248,1.111530218602657,0.003180958936367828,252,0,0,53.0
336,1,1.1337404145668804,1.1377021137946495,-0.003961699227769122,250,1,1,53.0
337,1,1.0373002612346676,1.059596051082329,-0.02229578984766145,250,0,2,53.0
338,1,1.1980622652706168,1.1965187210769888,0.0015435441936280103,251,0,1,53.0
339,1,0.7030058878762658,0.704793190981036,-0.0017873031047701549,252,0,0,53.0
340,1,1.1672523019893972,1.1613216715257553,0.0059306304636419505,251,0,1,53.0
341,1,1.1692720666916048,1.1611386957960934,0.00813337089551136,252,0,0,54.0
342,1,1.2390829872715419,1.2384676214743868,0.000615365797155043,252,0,0,54.0
343,1,1.2651343413058624,1.2851296043656206,-0.019995263059758184,250,1,1,53.0
344,1,1.1154189022349015,1.12076251722554,-0.005343614990638512,251,1,0,52.0
345,1,1.1498186168109266,1.1494150867285193,0.000403530082407233,252,0,0,53.0
346,1,1.0736746345782817,1.0762777291677408,-0.002603094589459065,251,1,0,53.0
347,1,1.0514135109771312,1.0624145785876982,-0.011001067610566961,252,0,0,53.0
348,1,1.0397947517496808,1.0384354318683184,0.0013593198813623975,252,0,0,54.0
349,1,1.134702334306766,1.1053393511027867,0.02936298320397923,251,0,1,54.0
350,1,1.1446411416719826,1.243011226062077,-0.09837008439009431,251,0,1,53.0
351,1,1.0651333796434772,1.0546406033553957,0.01049277628808154,252,0,0,53.0
352,1,1.0821293115336021,1.0742457007517239,0.00788361078187827,252,0,0,54.0
353,1,1.1439233646623472,1.1369020291984209,0.007021335463926359,252,0,0,54.0
354,1,1.197730749791378,1.196274399399398,0.0014563503919799992,252,0,0,54.0
355,1,1.1480390530515092,1.1498851347565429,-0.001846081705033642,252,0,0,54.0
356,1,1.161784902878913,1.155964234911602,0.005820667967310955,252,0,0,55.0
357,1,0.9200913479890269,0.877329624478442,0.04276172351058494,250,1,1,55.0
358,1,1.1763740091014692,1.1844096686503574,-0.008035659548888185,251,0,1,55.0
359,1,1.281960277732047,1.2317847488527067,0.05017552887934018,251,0,1,55.0
360,1,1.0855009901723984,1.0367640607177324,0.04873692945466601,250,0,2,55.0
361,1,1.2487934148635564,1.2648517706771234,-0.01605835581356696,252,0,0,54.0
362,1,1.0726205371842215,1.0749420337860223,-0.00232149660180081,251,0,1,54.0
363,1,1.0480050632690887,1.0485298529852978,-0.000524789716209062,252,0,0,54.0
364,1,1.212998060776054,1.1932993308689352,0.01969872990711874,250,1,1,55.0
365,1,1.1114192689993858,1.115161946487247,-0.003742677487861279,252,0,0,55.0
366,1,1.0081440057018725,0.9933155080213893,0.01482849768048311,252,0,0,56.0
367,1,0.9646220955485919,0.9763044518908573,-0.011682356342265443,252,0,0,55.0
368,1,0.6272868223844699,0.6094674556213008,0.017819366763169087,252,0,0,55.0
369,1,1.095795375605637,1.1068868475548257,-0.011091471949188803,252,0,0,54.0
370,1,0.8958971797004758,0.9078658060855369,-0.011968626385061132,252,0,0,54.0
371,1,1.0775526962119726,1.1202818060269453,-0.04272910981497269,251,0,1,53.0
372,1,1.02918102964446,1.0320981634974793,-0.0029171338530193935,252,0,0,53.0
373,1,1.2286290070855201,1.220218143123175,0.00841086396234525,252,0,0,53.0
374,1,1.0620972081005535,1.0579422233258857,0.004154984774667803,252,0,0,53.0
375,1,1.1571134014830184,1.1958977733903695,-0.03878437190735107,250,1,1,52.0
376,1,1.1439233646623472,1.1369020291984209,0.007021335463926359,252,0,0,52.0
377,1,1.1425970414759161,1.1432043751265943,-0.0006073336506782212,252,0,0,51.0
378,1,0.551763873026226,0.5561423817103159,-0.0043785086840899545,252,0,0,50.0
379,1,1.0450231028825943,1.050237045662479,-0.005213942779884739,252,0,0,50.0
380,1,1.2751459564335472,1.2799999999999994,-0.0048540435664521375,252,0,0,50.0
381,1,1.1080965319136662,1.098971616618674,0.009124915294992153,252,0,0,50.0
382,1,0.6253351376005233,0.5915061295971974,0.03382900800332589,251,1,0,51.0
383,1,1.1452110324477902,1.141727341200102,0.0034836912476881032,252,0,0,51.0
384,1,1.1059922480550677,1.1081670007844509,-0.002174752729383167,252,0,0,51.0
385,1,0.9851521748690407,0.9911045218680501,-0.0059523469990093725,251,1,0,51.0
386,1,1.1548963821136955,1.148674459469784,0.006221922643911526,252,0,0,52.0
387,1,1.1162267350843613,1.1011904761904752,0.015036258893886156,252,0,0,52.0
388,1,0.932216887121031,0.9308564830537255,0.0013604040673055318,252,0,0,53.0
389,1,1.1020130106632346,1.0758905787485962,0.026122431914638478,249,2,1,54.0
390,1,1.0022265750815509,1.0102666476543545,-0.008040072572803592,250,0,2,54.0
391,1,1.1434934489407302,1.1461974110032358,-0.0027039620625055605,252,0,0,54.0
392,1,1.1677707533893673,1.1750580945003886,-0.0072873411110212505,252,0,0,54.0
393,1,1.0799683808866203,1.0787277984304018,0.0012405824562184975,252,0,0,55.0
394,1,1.0377601008753474,1.0407921085811758,-0.0030320077058283434,252,0,0,54.0
395,1,0.8934523012446296,0.8665934669228653,0.02685883432176428,251,1,0,55.0
396,1,1.155461526437443,1.1626582816350797,-0.007196755197636628,251,0,1,55.0
397,1,1.2114126746542417,1.2126804505314361,-0.0012677758771943992,252,0,0,55.0
398,1,1.1320206697794652,1.141692458669888,-0.00967178889042275,250,2,0,54.0
399,1,1.014317477733803,0.9924992787768058,0.021818198956997326,250,0,2,54.0
400,1,1.0369123412081656,1.0358836435699628,0.0010286976382027913,251,1,0,54.0
401,1,1.2601748333783969,1.2500110546097714,0.010163778768625509,252,0,0,55.0
402,1,0.9575092447222576,0.9627087732770219,-0.005199528554764243,251,0,1,54.0
403,1,1.4023438119762663,1.393194266402519,0.009149545573747364,252,0,0,54.0
404,1,0.6072370429222231,0.618398120785026,-0.011161077862802848,252,0,0,54.0
405,1,1.1172540888118259,1.1104933981931895,0.006760690618636378,249,3,0,54.0
406,1,1.097061525889224,1.0950222057735026,0.002039320115721388,252,0,0,55.0
407,1,0.5894832052169409,0.5912704598597025,-0.0017872546427616376,252,0,0,55.0
408,1,1.0445592536571926,1.056495280080502,-0.011936026423309487,250,1,1,54.0
409,1,1.2119426386926053,1.2043368724131749,0.007605766279430437,252,0,0,54.0
410,1,1.605692291697681,1.6012558869701738,0.0044364047275071705,252,0,0,55.0
411,1,1.136275465996446,1.1336103032820954,0.0026651627143505774,252,0,0,56.0
412,1,1.1037213362015352,1.0966918714555784,0.007029464745956782,251,1,0,57.0
413,1,1.1355211309364386,1.128765880217788,0.006755250718650574,252,0,0,58.0
414,1,1.1376651211929303,1.1377881696611702,-0.0001230484682399613,252,0,0,57.0
415,1,1.1806073390291725,1.1770607734806637,0.00354656554850874,252,0,0,57.0
416,1,1.1191089063009036,1.1174585736519265,0.001650332648977182,252,0,0,58.0
417,1,1.26253203808769,1.2557633458007476,0.006768692286942546,252,0,0,58.0
418,1,1.0070876831531659,0.9922654182780398,0.014822264875126057,252,0,0,58.0
419,1,0.8386980510561176,0.834913552704965,0.0037844983511525765,251,1,0,58.0
420,1,1.3411960502493712,1.3206587551465245,0.02053729510284663,252,0,0,58.0
421,1,1.0625787862678224,1.0745247823769755,-0.011945996109153034,252,0,0,58.0
422,1,1.0949448005292484,1.0909825033647376,0.003962297164510797,252,0,0,59.0
423,1,1.115318716085289,1.1132417724799162,0.0020769436053729162,252,0,0,59.0
424,1,1.0121692578534174,1.0108155086668926,0.0013537491865247553,252,0,0,59.0
425,1,1.4979765627137154,1.5117976795724175,-0.013821116858702132,252,0,0,58.0
426,1,1.2348678679227687,1.1662821357943305,0.06858573212843821,251,0,1,58.0
427,1,1.10466865365441,1.1528851614030506,-0.048216507748640725,252,0,0,57.0
428,1,1.1619608458522963,1.1657828179815608,-0.003821972129264495,252,0,0,57.0
429,1,1.108387994900502,1.0894523957685107,0.018935599131991276,251,0,1,58.0
430,1,1.1764748479293825,1.1841508749659984,-0.007676027036615851,251,0,1,57.0
431,1,1.1846439356239262,1.184071880743313,0.000572054880613182,252,0,0,57.0
432,1,1.05614421668132,1.0219639347064353,0.03418028197488465,252,0,0,57.0
433,1,1.0828736258409632,1.0804902588493555,0.0023833669916077938,252,0,0,57.0
434,1,1.0095870547721926,1.0201000098048842,-0.010512955032691673,251,0,1,56.0
435,1,1.198188312533175,1.1721778287934317,0.02601048373974324,251,0,1,56.0
436,1,0.5401118600261641,0.5524585263787167,-0.01234666635255266,252,0,0,56.0
437,1,1.064858484631034,1.0699039487726774,-0.005045464141643308,252,0,0,56.0
438,1,1.1205605965808787,1.1121118012422349,0.008448795338643844,252,0,0,56.0
439,1,1.073157916333216,1.0724119079568606,0.0007460083763555225,252,0,0,57.0
440,1,0.6468531655371236,0.5822062121932972,0.06464695334382642,250,2,0,57.0
441,1,1.1520145968276436,1.1591223080048738,-0.0071077111772301915,252,0,0,56.0
442,1,0.783962271183751,0.7814573887903278,0.002504882393423169,252,0,0,56.0
443,1,1.1077033023298504,1.1325028312570793,-0.02479952892722892,251,0,1,56.0
444,1,0.7146908280040757,0.7079884504331081,0.006702377570967588,251,1,0,57.0
445,1,1.0603561296505202,1.053193249503639,0.0071628801468812675,252,0,0,57.0
446,1,1.1512357923044627,1.1462020360219263,0.005033756282536439,252,0,0,58.0
447,1,0.6448470215090061,0.6319671507870117,0.012879870721994369,252,0,0,59.0
448,1,1.196063644036669,1.1959950624057036,6.858163096534753e-05,252,0,0,59.0
449,1,0.8531994186337322,0.8585323316340212,-0.005332913000289041,252,0,0,58.0
450,1,1.2308353341092615,1.220273215329825,0.010562118779436469,252,0,0,59.0
451,1,1.2109459952681325,1.1942670738478647,0.016678921420267834,252,0,0,59.0
452,1,1.2301958722125514,1.2312214239059458,-0.0010255516933943554,252,0,0,58.0
453,1,1.146866543804111,1.159065436675577,-0.012198892871466027,252,0,0,57.0
454,1,1.1656031244774334,1.17929880033479,-0.013695675857356537,252,0,0,56.0
455,1,1.081379302349073,1.0804401603685077,0.0009391419805653278,252,0,0,57.0
456,1,0.8597805468865736,0.8693600463614549,-0.009579499474881348,252,0,0,56.0
457,1,1.150699947186141,1.1496701567511987,0.0010297904349423348,252,0,0,56.0
458,1,1.2850729848894544,1.289585279953998,-0.004512295064543537,252,0,0,56.0
459,1,0.6328949225164502,0.6275170139619723,0.005377908554477839,252,0,0,56.0
460,1,0.8426196047193106,0.8354163285180964,0.007203276201214193,252,0,0,56.0
461,1,1.092261329615084,1.0862428584383772,0.006018471176706841,252,0,0,57.0
462,1,1.035396415940586,1.0589803398867046,-0.023583923946118635,251,0,1,57.0
463,1,0.9797781995277025,0.9807705953310153,-0.0009923958033127844,252,0,0,57.0
464,1,0.9550284716538265,0.9526590198123036,0.0023694518415229293,252,0,0,57.0
465,1,1.2959639714193256,1.3109389454209073,-0.014974974001581653,252,0,0,57.0
466,1,1.0010568110945575,1.0224060150375947,-0.021349203943037187,252,0,0,56.0
467,1,1.140814649745401,1.1439781834372271,-0.0031635336918260926,252,0,0,56.0
468,1,1.037027162662318,1.0280095351609064,0.009017627501411551,252,0,0,56.0
469,1,1.1226423471448441,1.1232434796872475,-0.0006011325424033487,252,0,0,56.0
470,1,1.1256801275625659,1.1168672433245561,0.008812884238009744,252,0,0,57.0
471,1,1.0446908032353206,1.0382369870898782,0.0064538161454423815,252,0,0,58.0
472,1,1.1803446985887363,1.1861797827680414,-0.005835084179305117,252,0,0,58.0
473,1,1.113948198062589,1.1792967152787248,-0.06534851721613588,227,10,15,57.0
474,1,0.8434453985149262,0.834913552704965,0.008531845809961136,252,0,0,57.0
475,1,1.0548513137221223,1.0688581631718719,-0.014006849449749614,252,0,0,57.0
476,1,1.1124645951694268,1.154057191094228,-0.04159259592480136,249,3,0,56.0
477,1,1.0307144867389795,1.0290258740746163,0.0016886126643631538,252,0,0,57.0
478,1,1.2119426386926053,1.2043368724131749,0.007605766279430437,252,0,0,58.0
479,1,1.1104564287622731,1.0832794755793558,0.02717695318291735,251,0,1,59.0
480,1,0.6456491955557387,0.6475654897494295,-0.0019162941936907707,252,0,0,59.0
481,1,1.212918963946859,1.2259656287221374,-0.013046664775278494,252,0,0,58.0
482,1,1.215676377271414,1.215676377271414,0.0,252,0,0,57.0
483,1,1.4017773504470703,1.3951663925091735,0.006610957937896789,252,0,0,57.0
484,1,1.0478348384385627,1.0477682067345324,6.66317040303177e-05,251,1,0,58.0
485,1,1.0207044481589453,1.0179688602474246,0.0027355879115207316,252,0,0,59.0
486,1,1.1422938849247153,1.1432043751265943,-0.000910490201879055,251,1,0,58.0
487,1,1.2205994074440947,1.2307867904428553,-0.010187382998760652,252,0,0,57.0
488,1,1.0806150871152123,1.089609621451103,-0.008994534335890814,252,0,0,56.0
489,1,1.0401952428965915,1.053013858741023,-0.012818615844431447,250,1,1,55.0
490,1,1.0067477161739526,1.0105806225953124,-0.003832906421359805,252,0,0,55.0
491,1,1.3992898575901775,1.4043715846994542,-0.005081727109276679,252,0,0,55.0
492,1,1.1005193691580173,1.0992027615681768,0.001316607589840535,252,0,0,56.0
493,1,0.9990130301910094,1.0151301022528905,-0.016117072061881066,252,0,0,55.0
494,1,1.0723156931514308,1.0557584055986622,0.01655728755276864,251,1,0,56.0
495,1,1.122353887933553,1.1183381576706968,0.004015730262856287,252,0,0,56.0
496,1,1.0956836087971809,1.0901126408010005,0.005570967996180398,252,0,0,57.0
497,1,1.0614875000286457,1.0648417606402316,-0.0033542606115859464,252,0,0,57.0
498,1,1.0787982128493316,1.0890560279049504,-0.010257815055618735,252,0,0,57.0
499,1,1.1392380341102044,1.1361123810315439,0.0031256530786605285,252,0,0,57.0
500,1,1.2010605262683416,1.2179869449593008,-0.016926418690959233,252,0,0,56.0
