Episode,NumStateVars,TradeCost,TimeCost,EpsilonSteps,TrainAgent,TrainMarket,TrainDifference,Holds,Buys,Shorts,Strategy Wins (%)
1,1,0.001,0.0001,250,0.7760460779209041,0.9836075883031131,-0.20756151038220905,82,79,91,
2,1,0.001,0.0001,250,0.7831176290383078,1.000503482420073,-0.21738585338176508,88,75,89,
3,1,0.001,0.0001,250,0.7808875153508815,0.9925638538635639,-0.21167633851268242,86,66,100,
4,1,0.001,0.0001,250,0.8026827979752864,1.0005659546817027,-0.19788315670641632,92,75,85,
5,1,0.001,0.0001,250,0.7979609213823722,0.9966769076431128,-0.1987159862607406,88,70,94,
6,1,0.001,0.0001,250,0.7948496989920562,1.0091328044443528,-0.21428310545229667,68,94,90,
7,1,0.001,0.0001,250,0.78831035024045,1.0181255812947474,-0.22981523105429735,82,95,75,
8,1,0.001,0.0001,250,0.7908813505561183,1.0221682701034678,-0.23128691954734948,92,80,80,
9,1,0.001,0.0001,250,0.7908178695578124,1.0208374244506995,-0.23001955489288706,87,95,70,
10,1,0.001,0.0001,250,0.796572139492245,0.9852534144017411,-0.18868127490949604,77,84,91,
11,1,0.001,0.0001,250,0.7911585177805277,1.0034678436317794,-0.21230932585125173,87,88,77,
12,1,0.001,0.0001,250,0.7798237119071401,0.9889636144162798,-0.20913990250913972,88,75,89,
13,1,0.001,0.0001,250,0.8059582586275273,1.0106086583797684,-0.20465039975224109,111,68,73,
14,1,0.001,0.0001,250,0.797264860308888,0.9812530110387303,-0.18398815072984231,97,79,76,
15,1,0.001,0.0001,250,0.7969205964125372,0.9811096489366227,-0.18418905252408546,92,80,80,
16,1,0.001,0.0001,250,0.846658566345668,1.0080289599480186,-0.1613703936023505,103,64,85,
17,1,0.001,0.0001,250,0.7928575754652365,0.9995807303676993,-0.20672315490246285,92,83,77,
18,1,0.001,0.0001,250,0.7921390361176409,0.9743397557426898,-0.1822007196250489,94,77,81,
19,1,0.001,0.0001,250,0.7944099267828773,0.9987028474590454,-0.2042929206761681,86,89,77,
20,1,0.001,0.0001,250,0.8145390433818392,1.0119969791779047,-0.1974579357960654,93,83,76,
21,1,0.001,0.0001,250,0.8083277288481108,1.0175537083018462,-0.20922597945373544,101,85,66,
22,1,0.001,0.0001,250,0.8142883368954746,0.9934748623603785,-0.17918652546490388,111,72,69,
23,1,0.001,0.0001,250,0.7993897255357487,1.0036197571395502,-0.2042300316038015,96,81,75,
24,1,0.001,0.0001,250,0.7973630346276512,1.007494486199438,-0.2101314515717867,101,79,72,
25,1,0.001,0.0001,250,0.7948510822633557,1.007127928720712,-0.21227684645735634,96,73,83,
26,1,0.001,0.0001,250,0.7989120666346441,1.01352869986169,-0.21461663322704583,91,84,77,
27,1,0.001,0.0001,250,0.8071833628292088,1.0180919954603125,-0.2109086326311037,97,89,66,
28,1,0.001,0.0001,250,0.8175333518357965,0.9706783953085425,-0.15314504347274605,104,68,80,
29,1,0.001,0.0001,250,0.8226392820274416,0.9860833160812447,-0.16344403405380303,82,88,82,
30,1,0.001,0.0001,250,0.8192999201722625,1.0201235618032867,-0.20082364163102417,111,64,77,
31,1,0.001,0.0001,250,0.8217731501332537,0.9815280748102486,-0.15975492467699492,106,65,81,
32,1,0.001,0.0001,250,0.8070856974852754,1.0160649397564736,-0.20897924227119824,99,75,78,
33,1,0.001,0.0001,250,0.8082683710545124,1.0180529553356537,-0.20978458428114122,111,67,74,
34,1,0.001,0.0001,250,0.8164709231439491,0.9746623482494988,-0.15819142510554973,115,62,75,
35,1,0.001,0.0001,250,0.7872881476706801,1.0149978974910034,-0.22770974982032333,107,66,79,
36,1,0.001,0.0001,250,0.8025473906102025,0.9955196176740414,-0.19297222706383887,99,66,87,
37,1,0.001,0.0001,250,0.8106725798944174,1.02244965335094,-0.21177707345652252,114,68,70,
38,1,0.001,0.0001,250,0.8164878367930037,0.9758239327582389,-0.15933609596523512,119,63,70,
39,1,0.001,0.0001,250,0.8241585962662304,0.9991825955734416,-0.17502399930721113,122,71,59,
40,1,0.001,0.0001,250,0.8234005581920848,0.9997024821489275,-0.17630192395684274,121,70,61,
41,1,0.001,0.0001,250,0.8162288569826572,1.001262133694379,-0.18503327671172176,88,81,83,
42,1,0.001,0.0001,250,0.7900095592475538,0.9819317514882191,-0.1919221922406653,92,81,79,
43,1,0.001,0.0001,250,0.8071732910958964,1.0288957688338491,-0.22172247773795273,110,67,75,
44,1,0.001,0.0001,250,0.8055913202658935,1.0169560996656242,-0.21136477939973064,107,84,61,
45,1,0.001,0.0001,250,0.8093657733848129,1.0083388049901494,-0.19897303160533653,125,69,58,
46,1,0.001,0.0001,250,0.831685554543336,1.0147484493452796,-0.1830628948019436,108,78,66,
47,1,0.001,0.0001,250,0.8234143434576983,0.9915591927674714,-0.16814484930977314,119,72,61,
48,1,0.001,0.0001,250,0.8062248145659937,0.9963935779617191,-0.19016876339572542,126,58,68,
49,1,0.001,0.0001,250,0.7877174541217428,1.0070744001903802,-0.21935694606863743,110,62,80,
50,1,0.001,0.0001,250,0.7870861900233961,0.9921597189494883,-0.2050735289260922,102,62,88,
51,1,0.001,0.0001,250,0.831859990373986,0.984507802311463,-0.152647811937477,114,65,73,
52,1,0.001,0.0001,250,0.8075410125254936,0.9929160980048085,-0.18537508547931492,114,68,70,
53,1,0.001,0.0001,250,0.8322917334183553,1.016711823501286,-0.1844200900829307,114,64,74,
54,1,0.001,0.0001,250,0.8543798779365916,1.0233562315996085,-0.1689763536630169,130,64,58,
55,1,0.001,0.0001,250,0.8193092881175631,1.022381785543867,-0.20307249742630396,113,72,67,
56,1,0.001,0.0001,250,0.8178297518681844,0.9756375427219358,-0.1578077908537514,125,69,58,
57,1,0.001,0.0001,250,0.8198088150028452,1.0020073888995662,-0.182198573896721,132,61,59,
58,1,0.001,0.0001,250,0.8343129605084417,0.9610240990889904,-0.12671113858054872,124,55,73,
59,1,0.001,0.0001,250,0.8080073410301284,0.9838311395503654,-0.175823798520237,120,71,61,
60,1,0.001,0.0001,250,0.8233966743057174,1.0074917720422647,-0.1840950977365473,125,72,55,
61,1,0.001,0.0001,250,0.8045315095724489,0.9837157500919094,-0.17918424051946047,121,70,61,
62,1,0.001,0.0001,250,0.8174711870102648,0.9970549319219775,-0.1795837449117127,133,62,57,
63,1,0.001,0.0001,250,0.8196526689133076,0.9991898863709019,-0.17953721745759432,119,64,69,
64,1,0.001,0.0001,250,0.8314233869214395,0.9815645973154362,-0.15014121039399675,129,62,61,
65,1,0.001,0.0001,250,0.8470114865115841,1.0097527784078,-0.1627412918962159,133,61,58,
66,1,0.001,0.0001,250,0.8042190679016046,0.9819912750091334,-0.17777220710752883,116,69,67,
67,1,0.001,0.0001,250,0.806786785722226,0.9938513009471706,-0.1870645152249446,125,60,67,
68,1,0.001,0.0001,250,0.8261329370190454,1.010897697861325,-0.18476476084227966,128,68,56,
69,1,0.001,0.0001,250,0.8385977329645682,1.0200919929517827,-0.18149425998721447,128,74,50,
70,1,0.001,0.0001,250,0.8235156295424264,0.9975178670774993,-0.17400223753507293,139,61,52,
71,1,0.001,0.0001,250,0.8289497541835786,1.0079324353217887,-0.17898268113821003,133,62,57,
72,1,0.001,0.0001,250,0.8253587112914526,0.9930339567977503,-0.16767524550629775,127,61,64,
73,1,0.001,0.0001,250,0.8359861473456794,1.0176931884464993,-0.1817070411008198,141,53,58,
74,1,0.001,0.0001,250,0.8684253017457659,1.0116394575451335,-0.14321415579936758,146,52,54,
75,1,0.001,0.0001,250,0.8254537216217359,1.0131617830919961,-0.1877080614702602,121,73,58,
76,1,0.001,0.0001,250,0.8348265284770044,0.9958650382590536,-0.16103850978204914,138,56,58,
77,1,0.001,0.0001,250,0.8279274983163926,0.9963646472638629,-0.1684371489474703,127,62,63,
78,1,0.001,0.0001,250,0.8169876986611211,1.0179202364732227,-0.20093253781210163,144,58,50,
79,1,0.001,0.0001,250,0.8118085837391447,1.012837645409338,-0.2010290616701933,128,64,60,
80,1,0.001,0.0001,250,0.8079296151111789,0.9806057214198066,-0.17267610630862773,141,50,61,
81,1,0.001,0.0001,250,0.8192408061618383,0.998009720941927,-0.17876891478008872,135,61,56,
82,1,0.001,0.0001,250,0.8241036032060327,0.9565664747476944,-0.1324628715416617,128,61,63,
83,1,0.001,0.0001,250,0.8213560649749724,0.9887138940253769,-0.16735782905040453,130,63,59,
84,1,0.001,0.0001,250,0.8514093375180282,0.9945799457994577,-0.14317060828142958,143,47,62,
85,1,0.001,0.0001,250,0.8225594481067903,0.9952187833511202,-0.17265933524432997,134,59,59,
86,1,0.001,0.0001,250,0.8338731599443662,0.9959538784067068,-0.16208071846234062,140,54,58,
87,1,0.001,0.0001,250,0.8172507434535781,1.013251607890535,-0.19600086443695686,132,63,57,
88,1,0.001,0.0001,250,0.8186407456216843,0.9875152579394828,-0.1688745123177985,134,61,57,
89,1,0.001,0.0001,250,0.8261523486761267,0.9972872456792831,-0.17113489700315632,140,58,54,
90,1,0.001,0.0001,250,0.8415497919909172,1.0033073524990153,-0.16175756050809809,137,58,57,
91,1,0.001,0.0001,250,0.8452270906514647,0.976671414389917,-0.13144432373845227,153,40,59,
92,1,0.001,0.0001,250,0.8533621131168293,0.9898855126108316,-0.13652339949400227,140,58,54,
93,1,0.001,0.0001,250,0.8554871410582097,0.9869983880546361,-0.13151124699642647,160,47,45,
94,1,0.001,0.0001,250,0.8411346283309492,0.991588163344134,-0.1504535350131848,144,45,63,
95,1,0.001,0.0001,250,0.8444274587299,0.9934748623603785,-0.14904740363047853,159,56,37,
96,1,0.001,0.0001,250,0.8264012699307955,1.0051805833421084,-0.1787793134113128,134,58,60,
97,1,0.001,0.0001,250,0.8349121264125609,0.986727472196529,-0.15181534578396816,133,62,57,
98,1,0.001,0.0001,250,0.852447900834359,0.9753468539641995,-0.12289895312984056,163,49,40,
99,1,0.001,0.0001,250,0.8371471422945401,0.9908673803801609,-0.15372023808562074,155,46,51,
100,1,0.001,0.0001,250,0.8306440817646928,0.9921956060811123,-0.1615515243164195,150,55,47,0.0
101,1,0.001,0.0001,250,0.8341124529614131,0.9970029114574417,-0.16289045849602857,148,51,53,0.0
102,1,0.001,0.0001,250,0.8308588319651306,1.0139306885544903,-0.18307185658935976,156,50,46,0.0
103,1,0.001,0.0001,250,0.8317868916636987,0.996202666666668,-0.16441577500296933,147,59,46,0.0
104,1,0.001,0.0001,250,0.8357822881967562,1.0019099991604392,-0.16612771096368306,150,58,44,0.0
105,1,0.001,0.0001,250,0.848734697213897,0.9933193607545201,-0.14458466354062305,155,42,55,0.0
106,1,0.001,0.0001,250,0.8513795784356637,1.0166585215562112,-0.16527894312054747,160,47,45,0.0
107,1,0.001,0.0001,250,0.8341862440726425,1.0300477332218827,-0.19586148914924018,147,56,49,0.0
108,1,0.001,0.0001,250,0.8470419777763989,0.9938706775725369,-0.146828699796138,160,48,44,0.0
109,1,0.001,0.0001,250,0.8500084102722848,0.9984278422673543,-0.14841943199506946,158,39,55,0.0
110,1,0.001,0.0001,250,0.8514056425539892,0.9690218824149744,-0.11761623986098524,154,46,52,0.0
111,1,0.001,0.0001,250,0.8434930619015036,1.0180728125814587,-0.17457975067995501,158,36,58,0.0
112,1,0.001,0.0001,250,0.8436934764987988,0.9867580686366344,-0.14306459213783562,165,48,39,0.0
113,1,0.001,0.0001,250,0.8384262733567437,0.9862954662989128,-0.14786919294216916,158,46,48,0.0
114,1,0.001,0.0001,250,0.8485257479333318,0.9813683769541166,-0.1328426290207848,160,43,49,0.0
115,1,0.001,0.0001,250,0.8588469890450687,1.0092202437587783,-0.15037325471370955,168,41,43,0.0
116,1,0.001,0.0001,250,0.8601494160426607,1.007933930311324,-0.14778451426866324,160,45,47,0.0
117,1,0.001,0.0001,250,0.8418717448213778,1.0113879464961006,-0.1695162016747228,159,48,45,0.0
118,1,0.001,0.0001,250,0.8508151459220791,1.0053819870921628,-0.15456684117008368,157,47,48,0.0
119,1,0.001,0.0001,250,0.8553279670379368,1.0005753862546618,-0.14524741921672502,167,40,45,0.0
120,1,0.001,0.0001,250,0.8768298180062101,1.0099939430648095,-0.13316412505859943,174,46,32,0.0
121,1,0.001,0.0001,250,0.8523630180307911,1.003260373917008,-0.150897355886217,165,41,46,0.0
122,1,0.001,0.0001,250,0.8458008094559414,1.0212269753179741,-0.17542616586203275,162,50,40,0.0
123,1,0.001,0.0001,250,0.8736462753159954,1.0115884556069632,-0.13794218029096783,180,34,38,0.0
124,1,0.001,0.0001,250,0.8540527956324228,0.9963651141263847,-0.14231231849396198,177,31,44,0.0
125,1,0.001,0.0001,250,0.8683488295699363,0.989544789605028,-0.1211959600350917,160,41,51,0.0
126,1,0.001,0.0001,250,0.8579544432296162,1.027815557407976,-0.1698611141783597,168,43,41,0.0
127,1,0.001,0.0001,250,0.8647852684901285,0.9973093021269341,-0.13252403363680565,183,37,32,0.0
128,1,0.001,0.0001,250,0.8536403898375082,0.9902093622973019,-0.1365689724597937,164,41,47,0.0
129,1,0.001,0.0001,250,0.8404028387849258,0.9984988400127376,-0.15809600122781176,168,46,38,0.0
130,1,0.001,0.0001,250,0.8510135012545391,1.0202633085289068,-0.16924980727436767,167,43,42,0.0
131,1,0.001,0.0001,250,0.8772888340049915,0.9941915926483357,-0.1169027586433442,189,29,34,0.0
132,1,0.001,0.0001,250,0.8667009884315988,0.990846486162795,-0.12414549773119621,175,37,40,0.0
133,1,0.001,0.0001,250,0.8764396056815627,1.0137838742054204,-0.13734426852385773,180,28,44,0.0
134,1,0.001,0.0001,250,0.8586823479541433,1.0091647083956412,-0.15048236044149788,167,53,32,0.0
135,1,0.001,0.0001,250,0.8880914512049021,1.0151399433936845,-0.12704849218878245,179,38,35,0.0
136,1,0.001,0.0001,250,0.8644403560819729,0.9939163165266099,-0.12947596044463705,171,37,44,0.0
137,1,0.001,0.0001,250,0.856966823568267,0.9996798975672204,-0.1427130739989534,175,38,39,0.0
138,1,0.001,0.0001,250,0.8798829337539192,1.0159600889791165,-0.13607715522519725,184,35,33,0.0
139,1,0.001,0.0001,250,0.866959019698865,1.0198362228618603,-0.15287720316299525,187,31,34,0.0
140,1,0.001,0.0001,250,0.8526362528867266,0.9877906976744215,-0.1351544447876949,172,49,31,0.0
141,1,0.001,0.0001,250,0.8662098821819906,1.0033385826771668,-0.13712870049517623,175,35,42,0.0
142,1,0.001,0.0001,250,0.8672561827516932,1.002822623757085,-0.13556644100539172,170,36,46,0.0
143,1,0.001,0.0001,250,0.8615238045408049,0.985763505168043,-0.1242397006272381,179,35,38,0.0
144,1,0.001,0.0001,250,0.8690424306601592,1.0218066519994813,-0.1527642213393221,190,34,28,0.0
145,1,0.001,0.0001,250,0.8562985682305571,1.0158638847711143,-0.15956531654055728,178,36,38,0.0
146,1,0.001,0.0001,250,0.8823967188060597,1.0139158576051777,-0.13151913879911792,181,34,37,0.0
147,1,0.001,0.0001,250,0.8647722013009504,0.9874774342451034,-0.12270523294415292,183,33,36,0.0
148,1,0.001,0.0001,250,0.8683486862165066,0.9760557533917374,-0.10770706717523082,184,34,34,0.0
149,1,0.001,0.0001,250,0.8608879435721873,0.985557823577182,-0.12466988000499468,178,38,36,0.0
150,1,0.001,0.0001,250,0.8655406727924662,0.9951152304609205,-0.12957455766845438,175,31,46,0.0
151,1,0.001,0.0001,250,0.8642405123702076,1.0156784492588387,-0.15143793688863105,180,34,38,0.0
152,1,0.001,0.0001,250,0.8894716131477486,1.0179174817712968,-0.12844586862354823,193,29,30,0.0
153,1,0.001,0.0001,250,0.8865184320235842,0.99804406233208,-0.11152563030849583,192,32,28,0.0
154,1,0.001,0.0001,250,0.8723360789184309,1.0248500617392846,-0.1525139828208537,182,39,31,0.0
155,1,0.001,0.0001,250,0.8945818127922511,1.0041782420268928,-0.10959642923464163,197,22,33,0.0
156,1,0.001,0.0001,250,0.8814580413278261,0.9757518673471629,-0.09429382601933678,186,26,40,0.0
157,1,0.001,0.0001,250,0.886218597326227,1.044872542388693,-0.1586539450624661,186,26,40,0.0
158,1,0.001,0.0001,250,0.9013550593726961,0.9920849198107751,-0.09072986043807896,188,34,30,0.0
159,1,0.001,0.0001,250,0.8788938840481062,0.9831984114861764,-0.10430452743807017,185,27,40,0.0
160,1,0.001,0.0001,250,0.8785279377421112,1.0220403300533913,-0.1435123923112801,186,36,30,0.0
161,1,0.001,0.0001,250,0.8894577666128697,0.9866536880813292,-0.09719592146845957,195,34,23,0.0
162,1,0.001,0.0001,250,0.8720519376998972,0.9830587635869564,-0.11100682588705924,184,35,33,0.0
163,1,0.001,0.0001,250,0.8856512344379055,0.9618332378980743,-0.07618200346016879,191,32,29,0.0
164,1,0.001,0.0001,250,0.8777573717469805,1.0020217391304358,-0.12426436738345525,190,31,31,0.0
165,1,0.001,0.0001,250,0.8788039015573595,0.9951466689472341,-0.11634276738987459,192,32,28,0.0
166,1,0.001,0.0001,250,0.878523754884449,1.0008528504887477,-0.12232909560429872,190,34,28,0.0
167,1,0.001,0.0001,250,0.9019014689858761,0.9984988400127376,-0.0965973710268615,199,25,28,0.0
168,1,0.001,0.0001,250,0.9014049481343986,1.0208001396861435,-0.11939519155174483,201,22,29,0.0
169,1,0.001,0.0001,250,0.8985607890588674,1.0217156224483033,-0.12315483338943589,197,32,23,0.0
170,1,0.001,0.0001,250,0.8888974242020972,0.9932997975328225,-0.10440237333072533,196,26,30,0.0
171,1,0.001,0.0001,250,0.8754650563679546,1.0073781009409752,-0.13191304457302067,191,34,27,0.0
172,1,0.001,0.0001,250,0.9044163853179555,1.0164341505259817,-0.1120177652080262,198,27,27,0.0
173,1,0.001,0.0001,250,0.9061894318692625,0.9832412234578105,-0.07705179158854802,206,18,28,0.0
174,1,0.001,0.0001,250,0.9048671326153513,1.0028107831864037,-0.09794365057105237,204,33,15,0.0
175,1,0.001,0.0001,250,0.9049938715591851,0.9687312730074472,-0.06373740144826212,212,11,29,0.0
176,1,0.001,0.0001,250,0.9024503358701133,0.9870577138219239,-0.08460737795181061,205,27,20,0.0
177,1,0.001,0.0001,250,0.8689997591360064,0.9973686016978235,-0.12836884256181713,193,29,30,0.0
178,1,0.001,0.0001,250,0.894774568345142,0.9990610128257102,-0.10428644448056823,196,25,31,0.0
179,1,0.001,0.0001,250,0.9003439480779654,0.9881468319320446,-0.0878028838540792,207,20,25,0.0
180,1,0.001,0.0001,250,0.8813439358129147,1.0093307593307574,-0.12798682351784274,193,34,25,0.0
181,1,0.001,0.0001,250,0.8886434650407727,1.0237156851577616,-0.13507222011698883,195,32,25,0.0
182,1,0.001,0.0001,250,0.897594578273192,0.9934782608695659,-0.09588368259637392,196,33,23,0.0
183,1,0.001,0.0001,250,0.8860604059054278,0.9996850790451606,-0.11362467313973279,195,30,27,0.0
184,1,0.001,0.0001,250,0.9252578075759506,0.9840023513604312,-0.058744543784480685,220,15,17,0.0
185,1,0.001,0.0001,250,0.915491671163725,1.0179003597514449,-0.1024086885877199,212,19,21,0.0
186,1,0.001,0.0001,250,0.9063924784927484,1.0014250089063068,-0.09503253041355841,207,16,29,0.0
187,1,0.001,0.0001,250,0.9102830305247611,0.9829845743995186,-0.07270154387475747,208,22,22,0.0
188,1,0.001,0.0001,250,0.9038348872866662,1.0059076715334632,-0.102072784246797,206,12,34,0.0
189,1,0.001,0.0001,250,0.9120975445474608,1.0026616698251782,-0.0905641252777174,215,15,22,0.0
190,1,0.001,0.0001,250,0.912906579023921,1.0123329021129808,-0.09942632308905974,210,25,17,0.0
191,1,0.001,0.0001,250,0.9084904790984858,0.9968674858264758,-0.08837700672798998,206,30,16,0.0
192,1,0.001,0.0001,250,0.9076283753878056,0.9671099767150274,-0.0594816013272218,206,20,26,0.0
193,1,0.001,0.0001,250,0.9222118425613317,0.9958025447072727,-0.07359070214594099,214,19,19,0.0
194,1,0.001,0.0001,250,0.9099009648271617,0.9975373677673566,-0.08763640294019492,210,21,21,0.0
195,1,0.001,0.0001,250,0.916184519324816,0.9751808348264647,-0.05899631550164863,215,16,21,0.0
196,1,0.001,0.0001,250,0.9279253037923707,1.0092088740058571,-0.08128357021348642,211,20,21,0.0
197,1,0.001,0.0001,250,0.9074749299977162,0.9882556585376555,-0.08078072853993934,207,22,23,0.0
198,1,0.001,0.0001,250,0.9253699702655916,0.9964709584607082,-0.07110098819511657,216,18,18,0.0
199,1,0.001,0.0001,250,0.910732017814884,1.013843281179577,-0.103111263364693,211,23,18,0.0
200,1,0.001,0.0001,250,0.9246405242598267,0.988807743831293,-0.06416721957146632,219,17,16,0.0
201,1,0.001,0.0001,250,0.922532716469521,1.0251356438932568,-0.10260292742373589,218,19,15,0.0
202,1,0.001,0.0001,250,0.9298183997191206,0.9548553448125165,-0.025036945093395935,220,15,17,0.0
203,1,0.001,0.0001,250,0.929866630721787,0.9853640921063821,-0.055497461384595104,224,17,11,0.0
204,1,0.001,0.0001,250,0.9251775016760908,0.9766307480821244,-0.05145324640603355,217,20,15,0.0
205,1,0.001,0.0001,250,0.9349056233824122,1.013899947676139,-0.07899432429372677,224,18,10,0.0
206,1,0.001,0.0001,250,0.9250941452442363,1.0115710979686303,-0.08647695272439404,218,18,16,0.0
207,1,0.001,0.0001,250,0.9223962105739268,0.9980179450565834,-0.07562173448265652,220,12,20,0.0
208,1,0.001,0.0001,250,0.946885204033532,1.0102171711488697,-0.06333196711533762,233,6,13,0.0
209,1,0.001,0.0001,250,0.9402744036358769,0.9892287415352445,-0.04895433789936765,229,10,13,0.0
210,1,0.001,0.0001,250,0.9263452601891964,0.9936685923809941,-0.06732333219179776,224,17,11,0.0
211,1,0.001,0.0001,250,0.9348610156454211,0.9776872373557468,-0.042826221710325685,228,16,8,0.0
212,1,0.001,0.0001,250,0.9466524806515213,0.994545532023694,-0.0478930513721727,234,8,10,0.0
213,1,0.001,0.0001,250,0.9356906472707771,1.0036330799277584,-0.0679424326569813,228,14,10,0.0
214,1,0.001,0.0001,250,0.9187212521791707,0.9680788047651431,-0.04935755258597241,223,11,18,0.0
215,1,0.001,0.0001,250,0.927537472556552,1.0265936386432617,-0.09905616608670975,223,16,13,0.0
216,1,0.001,0.0001,250,0.9371803096137309,0.9997648467228195,-0.06258453710908862,228,10,14,0.0
217,1,0.001,0.0001,250,0.938671623615158,0.9930013229206688,-0.05432969930551079,229,13,10,0.0
218,1,0.001,0.0001,250,0.9376209752120184,1.0069838964589288,-0.06936292124691046,227,14,11,0.0
219,1,0.001,0.0001,250,0.9331234730743995,1.001784327308605,-0.06866085423420543,224,12,16,0.0
220,1,0.001,0.0001,250,0.9401681590954889,0.9868630060533213,-0.04669484695783244,227,14,11,0.0
221,1,0.001,0.0001,250,0.9332444681603674,0.994943387930087,-0.06169891976971953,229,9,14,0.0
222,1,0.001,0.0001,250,0.9373882588947158,0.9893971909992998,-0.052008932104584016,229,15,8,0.0
223,1,0.001,0.0001,250,0.9452930714042131,0.9850698585789734,-0.0397767871747603,233,12,7,0.0
224,1,0.001,0.0001,250,0.9267152853254802,0.9810367161453358,-0.05432143081985563,224,17,11,0.0
225,1,0.001,0.0001,250,0.9438929419383043,1.00884235532191,-0.0649494133836056,233,11,8,0.0
226,1,0.001,0.0001,250,0.9320514167136462,1.0136146750079529,-0.08156325829430666,225,15,12,0.0
227,1,0.001,0.0001,250,0.9438410924542129,1.029897043294615,-0.08605595084040218,231,10,11,0.0
228,1,0.001,0.0001,250,0.9528095938644044,1.007108902333622,-0.05429930846921749,239,9,4,0.0
229,1,0.001,0.0001,250,0.9455184402710125,0.9960183341821366,-0.05049989391112408,233,11,8,0.0
230,1,0.001,0.0001,250,0.9592534029710341,1.0147211600097255,-0.055467757038691334,243,6,3,0.0
231,1,0.001,0.0001,250,0.9542939649653911,1.0160474829632893,-0.06175351799789819,240,6,6,0.0
232,1,0.001,0.0001,250,0.9439442298044035,0.9864781414365102,-0.042533911632106736,235,8,9,0.0
233,1,0.001,0.0001,250,0.9567723055565002,0.9876906435911295,-0.03091833803462929,241,6,5,0.0
234,1,0.001,0.0001,250,0.9574904810953483,1.0033385826771668,-0.04584810158181851,241,5,6,0.0
235,1,0.001,0.0001,250,0.953882031345572,0.986375903194915,-0.03249387184934294,240,4,8,0.0
236,1,0.001,0.0001,250,0.965781734300584,0.9821765614275907,-0.016394827127006684,237,11,4,0.0
237,1,0.001,0.0001,250,0.9523331881112999,0.9913889843123788,-0.03905579620107891,239,8,5,0.0
238,1,0.001,0.0001,250,0.9662523786900504,0.9894514767932501,-0.023199098103199645,239,2,11,0.0
239,1,0.001,0.0001,250,0.9564239137123653,1.0050110537951356,-0.04858714008277021,240,5,7,0.0
240,1,0.001,0.0001,250,0.9555161226966626,1.0000639890791965,-0.04454786638253383,243,4,5,0.0
241,1,0.001,0.0001,250,0.9550812013939971,0.9817213767660256,-0.026640175372028452,241,5,6,0.0
242,1,0.001,0.0001,250,0.9641272571066841,0.9772416932180232,-0.013114436111339112,246,6,0,0.0
243,1,0.001,0.0001,250,0.9608786543204159,1.0032986658262435,-0.04242001150582764,244,4,4,0.0
244,1,0.001,0.0001,250,0.9698702702838738,1.0011153391943315,-0.03124506891045764,250,1,1,0.0
245,1,0.001,0.0001,250,0.9699731150720691,1.0061251019014255,-0.036151986829356386,249,2,1,0.0
246,1,0.001,0.0001,250,0.9609185052552359,1.0024705933796845,-0.04155208812444855,244,1,7,0.0
247,1,0.001,0.0001,250,0.9715502830578053,0.9897643835616431,-0.01821410050383776,251,1,0,0.0
248,1,0.001,0.0001,250,0.9592152333570593,0.9839244000849444,-0.024709166727885146,244,6,2,0.0
249,1,0.001,0.0001,250,0.9733134071315684,1.0029830679383218,-0.029669660806753373,251,1,0,0.0
250,1,0.001,0.0001,250,0.9699990125465311,1.0061533676914889,-0.036154355144957795,249,2,1,0.0
251,1,0.001,0.0001,250,0.9752111619411448,1.0136041221999448,-0.03839296025880001,252,0,0,0.0
252,1,0.001,0.0001,250,0.9705265898350591,0.9916421373783396,-0.02111554754328049,249,2,1,0.0
253,1,0.001,0.0001,250,0.9752111619411448,1.02016883512467,-0.04495767318352528,252,0,0,0.0
254,1,0.001,0.0001,250,0.9734563963731349,1.021570507233746,-0.048114110860611126,251,1,0,0.0
255,1,0.001,0.0001,250,0.9717865396149644,0.9949543589314134,-0.023167819316448957,250,1,1,0.0
256,1,0.001,0.0001,250,0.9738699733225346,0.9980348369807935,-0.024164863658258984,251,1,0,0.0
257,1,0.001,0.0001,250,0.9739098811566477,0.9878334318037585,-0.013923550647110816,251,0,1,0.0
258,1,0.001,0.0001,250,0.9700724928339124,0.9899270355782284,-0.019854542744315973,250,2,0,0.0
259,1,0.001,0.0001,250,0.9699170424331017,1.0174726247813235,-0.04755558234822177,249,3,0,0.0
260,1,0.001,0.0001,250,0.9725359849317226,1.0104431529240818,-0.03790716799235927,251,1,0,0.0
261,1,0.001,0.0001,250,0.9731026934209546,1.0221345940175584,-0.049031900596603784,251,0,1,0.0
262,1,0.001,0.0001,250,0.9697265815332883,0.9961232879630223,-0.026396706429734018,249,2,1,0.0
263,1,0.001,0.0001,250,0.9752111619411448,0.9712977228119781,0.00391343912916664,252,0,0,1.0
264,1,0.001,0.0001,250,0.9752111619411448,0.9995202741290687,-0.024309112187923976,252,0,0,1.0
265,1,0.001,0.0001,250,0.9716409074702717,0.9998258219028953,-0.02818491443262361,250,1,1,1.0
266,1,0.001,0.0001,250,0.973519146823519,0.9851988502295268,-0.011679703406007769,251,1,0,1.0
267,1,0.001,0.0001,250,0.9713392020741131,1.0164341505259817,-0.04509494845186868,249,1,2,1.0
268,1,0.001,0.0001,250,0.9752111619411448,0.9740803420326002,0.001130819908544578,252,0,0,2.0
269,1,0.001,0.0001,250,0.9713596728094613,1.0044091710758372,-0.03304949826637582,250,1,1,2.0
270,1,0.001,0.0001,250,0.9752111619411448,0.9986895877754098,-0.02347842583426507,252,0,0,2.0
271,1,0.001,0.0001,250,0.970123014495352,0.9882427574540052,-0.018119742958653262,249,3,0,2.0
272,1,0.001,0.0001,250,0.971521282183466,0.9828497148607852,-0.0113284326773192,250,0,2,2.0
273,1,0.001,0.0001,250,0.9722145564066046,0.994355597365944,-0.022141040959339442,250,1,1,2.0
274,1,0.001,0.0001,250,0.9752111619411448,0.9832442614333282,-0.008033099492183449,252,0,0,2.0
275,1,0.001,0.0001,250,0.9694647279718316,1.0057312167481283,-0.03626648877629668,249,2,1,2.0
276,1,0.001,0.0001,250,0.9694660240401657,1.0203192388066347,-0.05085321476646898,249,0,3,2.0
277,1,0.001,0.0001,250,0.9736421595047762,1.000297593742028,-0.026655434237251807,251,0,1,2.0
278,1,0.001,0.0001,250,0.9734977646952409,1.0038944456267285,-0.03039668093148762,251,1,0,2.0
279,1,0.001,0.0001,250,0.9752111619411448,0.9816732718793119,-0.006462109938167093,252,0,0,2.0
280,1,0.001,0.0001,250,0.9752111619411448,0.9967221048926433,-0.02151094295149858,252,0,0,2.0
281,1,0.001,0.0001,250,0.9707476202163254,1.0104994263200051,-0.03975180610367968,249,1,2,2.0
282,1,0.001,0.0001,250,0.9752111619411448,0.9798025521641645,-0.004591390223019687,252,0,0,2.0
283,1,0.001,0.0001,250,0.9705459704973666,0.9768682495955233,-0.006322279098156747,250,1,1,2.0
284,1,0.001,0.0001,250,0.9710566679989193,1.0002219558751735,-0.029165287876254165,250,1,1,2.0
285,1,0.001,0.0001,250,0.9752111619411448,0.9957288358339729,-0.020517673892828103,252,0,0,2.0
286,1,0.001,0.0001,250,0.9752111619411448,0.9933256812481386,-0.018114519306993815,252,0,0,2.0
287,1,0.001,0.0001,250,0.9709508008121275,1.0079067651582405,-0.036955964346113035,250,2,0,2.0
288,1,0.001,0.0001,250,0.9752111619411448,0.9874449483993951,-0.01223378645825035,252,0,0,2.0
289,1,0.001,0.0001,250,0.9700395363087422,1.0178268620374817,-0.04778732572873956,249,1,2,2.0
290,1,0.001,0.0001,250,0.9752111619411448,1.0011545162576894,-0.025943354316544598,252,0,0,2.0
291,1,0.001,0.0001,250,0.9743073370316058,1.0017504162575221,-0.027443079225916378,251,0,1,2.0
292,1,0.001,0.0001,250,0.9752111619411448,1.0201019439969996,-0.04489078205585484,252,0,0,2.0
293,1,0.001,0.0001,250,0.9752111619411448,0.9896107758987007,-0.014399613957555957,252,0,0,2.0
294,1,0.001,0.0001,250,0.9730838917031777,0.9809910607741755,-0.007907169070997866,251,1,0,2.0
295,1,0.001,0.0001,250,0.9738237364688377,0.9998322921470796,-0.026008555678241896,251,0,1,2.0
296,1,0.001,0.0001,250,0.973347630793583,0.9981242882343727,-0.024776657440789718,251,0,1,2.0
297,1,0.001,0.0001,250,0.9714361046390649,1.0022560391614346,-0.03081993452236964,250,1,1,2.0
298,1,0.001,0.0001,250,0.9745726776041761,0.9828569033447907,-0.008284225740614604,251,1,0,2.0
299,1,0.001,0.0001,250,0.9752111619411448,1.0059890672300011,-0.030777905288856378,252,0,0,2.0
300,1,0.001,0.0001,250,0.9752111619411448,1.001070102184267,-0.025858940243122186,252,0,0,2.0
301,1,0.001,0.0001,250,0.9733118833267282,0.9869672270334507,-0.0136553437067225,251,0,1,2.0
302,1,0.001,0.0001,250,0.9739913863957552,0.9782704030171475,-0.004279016621392295,251,1,0,2.0
303,1,0.001,0.0001,250,0.9738860096859742,0.989868754317292,-0.01598274463131788,251,1,0,2.0
304,1,0.001,0.0001,250,0.974785165682954,1.0284038849184525,-0.053618719235498435,251,0,1,2.0
305,1,0.001,0.0001,250,0.9736433793897403,0.9817057837384743,-0.008062404348733954,251,0,1,2.0
306,1,0.001,0.0001,250,0.9752111619411448,0.9982619933599235,-0.023050831418778728,252,0,0,2.0
307,1,0.001,0.0001,250,0.9752111619411448,0.9945519359684324,-0.01934077402728762,252,0,0,2.0
308,1,0.001,0.0001,250,0.9752111619411448,1.024113722583178,-0.048902560642033244,252,0,0,2.0
309,1,0.001,0.0001,250,0.9735601806768097,0.9994236803346904,-0.025863499657880706,251,1,0,2.0
310,1,0.001,0.0001,250,0.9752111619411448,1.0013021380266316,-0.026090976085486828,252,0,0,2.0
311,1,0.001,0.0001,250,0.9719082938692533,0.9959239130434783,-0.02401561917422501,250,0,2,2.0
312,1,0.001,0.0001,250,0.9752111619411448,1.0055846422338546,-0.03037348029270981,252,0,0,2.0
313,1,0.001,0.0001,250,0.9728306546993348,0.9947973119445044,-0.021966657245169552,251,0,1,2.0
314,1,0.001,0.0001,250,0.9723081530231532,0.9989098094437756,-0.0266016564206224,251,0,1,2.0
315,1,0.001,0.0001,250,0.9733275630516303,1.0116572288090606,-0.03832966575743035,251,1,0,2.0
316,1,0.001,0.0001,250,0.9701438560878969,1.0146921793399364,-0.0445483232520395,249,1,2,2.0
317,1,0.001,0.0001,250,0.9752111619411448,0.9838499891610668,-0.00863882721992204,252,0,0,2.0
318,1,0.001,0.0001,250,0.9708059494743202,0.981979079408037,-0.011173129933716774,250,2,0,2.0
319,1,0.001,0.0001,250,0.9752111619411448,0.9948854555141183,-0.019674293572973567,252,0,0,2.0
320,1,0.001,0.0001,250,0.9710406809673281,1.0014555031882435,-0.030414822220915405,250,1,1,2.0
321,1,0.001,0.0001,250,0.9733225153343621,0.9964121666400058,-0.023089651305643666,251,0,1,2.0
322,1,0.001,0.0001,250,0.9752111619411448,0.9944619579108801,-0.019250795969735335,252,0,0,2.0
323,1,0.001,0.0001,250,0.9752111619411448,0.9954223364896208,-0.020211174548475985,252,0,0,2.0
324,1,0.001,0.0001,250,0.9752111619411448,0.9862063019957741,-0.010995140054629315,252,0,0,2.0
325,1,0.001,0.0001,250,0.9735208059373532,0.9811139074296977,-0.0075931014923444895,251,1,0,2.0
326,1,0.001,0.0001,250,0.9752111619411448,1.0099826388888888,-0.03477147694774407,252,0,0,2.0
327,1,0.001,0.0001,250,0.9711839380055057,1.0001070549191744,-0.028923116913668667,250,1,1,2.0
328,1,0.001,0.0001,250,0.9715573931282475,0.9878043497097299,-0.01624695658148234,250,1,1,2.0
329,1,0.001,0.0001,250,0.9752111619411448,0.9870825592949418,-0.011871397353797053,252,0,0,2.0
330,1,0.001,0.0001,250,0.9730720644738073,1.0120551345122548,-0.038983070038447476,251,1,0,2.0
331,1,0.001,0.0001,250,0.9752111619411448,0.9798274098127306,-0.004616247871585877,252,0,0,2.0
332,1,0.001,0.0001,250,0.9752111619411448,1.0078149775744114,-0.03260381563326664,252,0,0,2.0
333,1,0.001,0.0001,250,0.973025853939834,1.0128885166573605,-0.039862662717526476,251,1,0,2.0
334,1,0.001,0.0001,250,0.9752111619411448,0.9827165730039243,-0.007505411062779577,252,0,0,2.0
335,1,0.001,0.0001,250,0.9752111619411448,1.0001068809986977,-0.024895719057552945,252,0,0,2.0
336,1,0.001,0.0001,250,0.9718293006564689,0.9864098698320333,-0.014580569175564384,250,0,2,2.0
337,1,0.001,0.0001,250,0.9752111619411448,1.0032580821457107,-0.028046920204565895,252,0,0,2.0
338,1,0.001,0.0001,250,0.9729988557378795,0.9686369119420982,0.0043619437957812535,251,0,1,3.0
339,1,0.001,0.0001,250,0.973226863221839,1.0010895806182847,-0.027862717396445635,251,1,0,3.0
340,1,0.001,0.0001,250,0.9738301472497699,1.0028400597907332,-0.0290099125409633,251,0,1,3.0
341,1,0.001,0.0001,250,0.9752111619411448,0.9884477958745244,-0.013236633933379593,252,0,0,3.0
342,1,0.001,0.0001,250,0.9752111619411448,1.0031613105830617,-0.027950148641916917,252,0,0,3.0
343,1,0.001,0.0001,250,0.9752111619411448,0.9809525850063195,-0.005741423065174778,252,0,0,3.0
344,1,0.001,0.0001,250,0.9752111619411448,1.009856610332288,-0.03464544839114314,252,0,0,3.0
345,1,0.001,0.0001,250,0.9752111619411448,1.0366167768882684,-0.0614056149471236,252,0,0,3.0
346,1,0.001,0.0001,250,0.9752111619411448,0.9791409963034676,-0.003929834362322859,252,0,0,3.0
347,1,0.001,0.0001,250,0.9737296228846548,1.0124924353765046,-0.03876281249184976,251,0,1,3.0
348,1,0.001,0.0001,250,0.9745155603157442,1.0102171711488697,-0.03570161083312551,251,0,1,3.0
349,1,0.001,0.0001,250,0.9739995457247734,1.0121082621082627,-0.03810871638348923,251,1,0,3.0
350,1,0.001,0.0001,250,0.9752111619411448,0.9952858778368912,-0.020074715895746387,252,0,0,3.0
351,1,0.001,0.0001,250,0.9752111619411448,0.9852542882937118,-0.010043126352566989,252,0,0,3.0
352,1,0.001,0.0001,250,0.9737304326460899,0.9850371889109417,-0.01130675626485178,251,1,0,3.0
353,1,0.001,0.0001,250,0.9752111619411448,1.0220570123384924,-0.04684585039734768,252,0,0,3.0
354,1,0.001,0.0001,250,0.9752111619411448,1.0049632229649677,-0.029752061023822884,252,0,0,3.0
355,1,0.001,0.0001,250,0.9773436331826358,1.0065789473684195,-0.029235314185783623,251,1,0,3.0
356,1,0.001,0.0001,250,0.9752111619411448,1.012220275455212,-0.03700911351406733,252,0,0,3.0
357,1,0.001,0.0001,250,0.9740112263559914,1.0034391534391547,-0.02942792708316333,251,0,1,3.0
358,1,0.001,0.0001,250,0.9722962534338906,0.9903686709220171,-0.01807241748812649,251,1,0,3.0
359,1,0.001,0.0001,250,0.9682936698895347,1.002468272864289,-0.03417460297475439,250,1,1,3.0
360,1,0.001,0.0001,250,0.9716424704313406,0.9949507861434238,-0.02330831571208325,250,1,1,3.0
361,1,0.001,0.0001,250,0.9752111619411448,0.995493316918749,-0.020282154977604216,252,0,0,3.0
362,1,0.001,0.0001,250,0.9752111619411448,0.9945799457994577,-0.019368783858312977,252,0,0,3.0
363,1,0.001,0.0001,250,0.9736628129696572,0.9864095812452209,-0.012746768275563758,251,1,0,2.0
364,1,0.001,0.0001,250,0.9736204316111795,1.000503482420073,-0.026883050808893416,251,0,1,2.0
365,1,0.001,0.0001,250,0.9724199835531568,1.0050661798265628,-0.032646196273405925,251,1,0,2.0
366,1,0.001,0.0001,250,0.9733322439701112,0.992918477684722,-0.019586233714610768,251,0,1,2.0
367,1,0.001,0.0001,250,0.973908505512095,0.999427012903669,-0.02551850739157402,251,1,0,2.0
368,1,0.001,0.0001,250,0.9733720884628392,0.9872124938828475,-0.013840405420008306,251,0,1,1.0
369,1,0.001,0.0001,250,0.9752111619411448,1.0304964864740729,-0.055285324532928115,252,0,0,1.0
370,1,0.001,0.0001,250,0.9752111619411448,0.9885899855180585,-0.013378823576913779,252,0,0,1.0
371,1,0.001,0.0001,250,0.9742688804210471,0.9790734134648147,-0.0048045330437676,250,0,2,1.0
372,1,0.001,0.0001,250,0.9722880470362504,0.9913018957962799,-0.01901384876002954,250,0,2,1.0
373,1,0.001,0.0001,250,0.9752111619411448,1.0218759494769765,-0.0466647875358317,252,0,0,1.0
374,1,0.001,0.0001,250,0.9743832966180099,1.01385415513998,-0.039470858521970076,251,1,0,1.0
375,1,0.001,0.0001,250,0.9752111619411448,1.0042251987367967,-0.029014036795651954,252,0,0,1.0
376,1,0.001,0.0001,250,0.9752111619411448,0.9933433997575535,-0.018132237816408714,252,0,0,1.0
377,1,0.001,0.0001,250,0.9738438354597383,0.9804341112630695,-0.006590275803331158,251,0,1,1.0
378,1,0.001,0.0001,250,0.973519991832521,1.0302463704355467,-0.05672637860302565,251,0,1,1.0
379,1,0.001,0.0001,250,0.9752111619411448,0.9995810465457302,-0.024369884604585446,252,0,0,1.0
380,1,0.001,0.0001,250,0.9756385842721187,0.990265334252239,-0.014626749980120257,251,0,1,1.0
381,1,0.001,0.0001,250,0.9752111619411448,1.0154175004547927,-0.040206338513647966,252,0,0,1.0
382,1,0.001,0.0001,250,0.9752111619411448,1.0113378179712214,-0.03612665603007659,252,0,0,1.0
383,1,0.001,0.0001,250,0.9752111619411448,0.9924047878128399,-0.01719362587169515,252,0,0,1.0
384,1,0.001,0.0001,250,0.9752111619411448,1.0141998209031577,-0.03898865896201298,252,0,0,1.0
385,1,0.001,0.0001,250,0.9735178643171526,1.0097861772876509,-0.03626831297049826,251,1,0,1.0
386,1,0.001,0.0001,250,0.9752111619411448,0.9758770479151498,-0.000665885974005076,252,0,0,1.0
387,1,0.001,0.0001,250,0.9752111619411448,1.0032924007830581,-0.02808123884191338,252,0,0,1.0
388,1,0.001,0.0001,250,0.9700402738054197,0.9795835988952618,-0.009543325089842125,249,2,1,1.0
389,1,0.001,0.0001,250,0.9735379472321951,0.9969814484854819,-0.023443501253286758,251,0,1,1.0
390,1,0.001,0.0001,250,0.9735389542675006,0.9959740978997155,-0.022435143632214882,251,0,1,1.0
391,1,0.001,0.0001,250,0.9716640333433906,1.0032580821457107,-0.031594048802320085,250,2,0,1.0
392,1,0.001,0.0001,250,0.9752111619411448,0.9986145451445131,-0.023403383203368322,252,0,0,1.0
393,1,0.001,0.0001,250,0.9752111619411448,1.0167969256012779,-0.04158576366013311,252,0,0,1.0
394,1,0.001,0.0001,250,0.9752111619411448,0.9855257168866638,-0.010314554945519028,252,0,0,1.0
395,1,0.001,0.0001,250,0.9752111619411448,0.9855011557049792,-0.010289993763834437,252,0,0,1.0
396,1,0.001,0.0001,250,0.9752111619411448,1.0190778303994286,-0.0438666684582838,252,0,0,1.0
397,1,0.001,0.0001,250,0.9752111619411448,0.9888262188608293,-0.013615056919684565,252,0,0,1.0
398,1,0.001,0.0001,250,0.9752111619411448,1.0210428798306,-0.04583171788945517,252,0,0,1.0
399,1,0.001,0.0001,250,0.9703275543899029,0.9974607622091365,-0.027133207819233562,250,0,2,1.0
400,1,0.001,0.0001,250,0.9752111619411448,1.0004614093959725,-0.025250247454827734,252,0,0,1.0
401,1,0.001,0.0001,250,0.9735378500910321,0.9982635619992046,-0.02472571190817252,251,1,0,1.0
402,1,0.001,0.0001,250,0.9752111619411448,0.9968031759297954,-0.021592013988650627,252,0,0,1.0
403,1,0.001,0.0001,250,0.9742624492830236,0.9826575583957701,-0.008395109112746435,251,1,0,1.0
404,1,0.001,0.0001,250,0.9752111619411448,1.0020336282443714,-0.0268224663032266,252,0,0,1.0
405,1,0.001,0.0001,250,0.9733525390629372,1.0224300287732146,-0.04907748971027748,251,0,1,1.0
406,1,0.001,0.0001,250,0.9752111619411448,0.995238095238097,-0.020026933296952265,252,0,0,1.0
407,1,0.001,0.0001,250,0.9752111619411448,0.9728187352046,0.002392426736544717,252,0,0,2.0
408,1,0.001,0.0001,250,0.9734301167318047,0.9686369119420982,0.004793204789706462,250,1,1,3.0
409,1,0.001,0.0001,250,0.9752111619411448,0.9946342965210888,-0.019423134579944046,252,0,0,3.0
410,1,0.001,0.0001,250,0.9752111619411448,0.9861954116177671,-0.01098424967662237,252,0,0,3.0
411,1,0.001,0.0001,250,0.9752111619411448,1.003025816004633,-0.027814654063488264,252,0,0,3.0
412,1,0.001,0.0001,250,0.9752111619411448,1.0227202609193884,-0.047509098978243625,252,0,0,3.0
413,1,0.001,0.0001,250,0.9752111619411448,1.0080458452722068,-0.03283468333106199,252,0,0,3.0
414,1,0.001,0.0001,250,0.9730238103894717,1.0217583698491157,-0.048734559459644,251,1,0,3.0
415,1,0.001,0.0001,250,0.9752111619411448,1.0135213944748043,-0.038310232533659505,252,0,0,3.0
416,1,0.001,0.0001,250,0.9752111619411448,1.0030993502051984,-0.027888188264053593,252,0,0,3.0
417,1,0.001,0.0001,250,0.9752111619411448,0.9793529543922711,-0.004141792451126336,252,0,0,3.0
418,1,0.001,0.0001,250,0.9752111619411448,0.9906958014539111,-0.015484639512766352,252,0,0,3.0
419,1,0.001,0.0001,250,0.9752111619411448,1.0027745359258398,-0.027563373984694994,252,0,0,3.0
420,1,0.001,0.0001,250,0.9752111619411448,1.03932988375061,-0.0641187218094652,252,0,0,3.0
421,1,0.001,0.0001,250,0.9742085109730159,1.017836725360164,-0.043628214387148034,251,1,0,3.0
422,1,0.001,0.0001,250,0.9752111619411448,0.985783707745428,-0.01057254580428324,252,0,0,3.0
423,1,0.001,0.0001,250,0.9752111619411448,0.9879924475465146,-0.012781285605369841,252,0,0,3.0
424,1,0.001,0.0001,250,0.9752111619411448,0.9990159747084557,-0.023804812767310946,252,0,0,3.0
425,1,0.001,0.0001,250,0.9752111619411448,0.9973056197074668,-0.022094457766322018,252,0,0,3.0
426,1,0.001,0.0001,250,0.9752111619411448,1.0110057891723396,-0.035794627231194864,252,0,0,3.0
427,1,0.001,0.0001,250,0.9752111619411448,0.9926512671413211,-0.01744010520017636,252,0,0,3.0
428,1,0.001,0.0001,250,0.9752111619411448,0.9882062054177034,-0.012995043476558665,252,0,0,3.0
429,1,0.001,0.0001,250,0.9726744848440432,0.9811559676346214,-0.008481482790578254,251,0,1,3.0
430,1,0.001,0.0001,250,0.9626270185517004,0.9852759691901778,-0.022648950638477383,251,0,1,3.0
431,1,0.001,0.0001,250,0.9752111619411448,1.0181903296997261,-0.04297916775858135,252,0,0,3.0
432,1,0.001,0.0001,250,0.9752111619411448,0.9963569337525761,-0.02114577181143129,252,0,0,3.0
433,1,0.001,0.0001,250,0.9752111619411448,1.0142787024229185,-0.039067540481773744,252,0,0,3.0
434,1,0.001,0.0001,250,0.9752111619411448,0.9921224637526875,-0.016911301811542767,252,0,0,3.0
435,1,0.001,0.0001,250,0.9752111619411448,0.9867070139414242,-0.011495852000279472,252,0,0,3.0
436,1,0.001,0.0001,250,0.9767528036263663,0.9772978598842125,-0.0005450562578461771,251,0,1,3.0
437,1,0.001,0.0001,250,0.9752111619411448,1.0007407568792344,-0.025529594938089595,252,0,0,3.0
438,1,0.001,0.0001,250,0.974319432403447,0.9918826301135147,-0.017563197710067757,251,0,1,2.0
439,1,0.001,0.0001,250,0.9752111619411448,0.9856373429084375,-0.010426180967292753,252,0,0,2.0
440,1,0.001,0.0001,250,0.9752111619411448,1.01691349892697,-0.04170233698582515,252,0,0,2.0
441,1,0.001,0.0001,250,0.9752111619411448,1.002057872411911,-0.026846710470766144,252,0,0,2.0
442,1,0.001,0.0001,250,0.9752111619411448,0.980427046263346,-0.005215884322201214,252,0,0,2.0
443,1,0.001,0.0001,250,0.9723168430632858,1.000377532614624,-0.028060689551338225,250,2,0,2.0
444,1,0.001,0.0001,250,0.9752111619411448,0.9997896242689439,-0.024578462327799144,252,0,0,2.0
445,1,0.001,0.0001,250,0.9752111619411448,0.9832156402573179,-0.008004478316173125,252,0,0,2.0
446,1,0.001,0.0001,250,0.9752111619411448,1.0142037206601613,-0.038992558719016523,252,0,0,2.0
447,1,0.001,0.0001,250,0.9752111619411448,1.0314352681648962,-0.0562241062237514,252,0,0,2.0
448,1,0.001,0.0001,250,0.9752111619411448,0.9719225852750555,0.0032885766660892823,252,0,0,3.0
449,1,0.001,0.0001,250,0.9752111619411448,1.0089121276911037,-0.033700965749958955,252,0,0,3.0
450,1,0.001,0.0001,250,0.9752111619411448,1.0132526905630186,-0.03804152862187382,252,0,0,3.0
451,1,0.001,0.0001,250,0.9732916643960926,0.9835651343030039,-0.010273469906911248,251,0,1,3.0
452,1,0.001,0.0001,250,0.9752111619411448,0.9973580474712723,-0.022146885530127558,252,0,0,3.0
453,1,0.001,0.0001,250,0.9752111619411448,0.9911485035712716,-0.015937341630126833,252,0,0,3.0
454,1,0.001,0.0001,250,0.9752111619411448,0.9780697899270451,-0.0028586279859003083,252,0,0,3.0
455,1,0.001,0.0001,250,0.9752111619411448,0.993684254553819,-0.01847309261267427,252,0,0,3.0
456,1,0.001,0.0001,250,0.9752111619411448,1.0170462053473113,-0.041835043406166506,252,0,0,3.0
457,1,0.001,0.0001,250,0.9752111619411448,0.9961617250673866,-0.020950563126241883,252,0,0,3.0
458,1,0.001,0.0001,250,0.9752111619411448,1.0295436560274314,-0.0543324940862866,252,0,0,3.0
459,1,0.001,0.0001,250,0.9752111619411448,1.0329124541962837,-0.05770129225513898,252,0,0,3.0
460,1,0.001,0.0001,250,0.9734355849847447,1.0151632970451008,-0.04172771206035608,251,1,0,3.0
461,1,0.001,0.0001,250,0.9716347781266202,0.9965710652405919,-0.024936287113971667,251,0,1,3.0
462,1,0.001,0.0001,250,0.9752111619411448,1.0035249278491318,-0.028313765907987065,252,0,0,3.0
463,1,0.001,0.0001,250,0.9752111619411448,0.9992240095635574,-0.024012847622412625,252,0,0,3.0
464,1,0.001,0.0001,250,0.9726272563840256,0.9906208517398213,-0.0179935953557957,251,0,1,3.0
465,1,0.001,0.0001,250,0.9752111619411448,0.9941338101884153,-0.018922648247270524,252,0,0,3.0
466,1,0.001,0.0001,250,0.9733696935968295,1.0176752479661215,-0.044305554369292066,251,0,1,3.0
467,1,0.001,0.0001,250,0.9752111619411448,1.0007800659712955,-0.025568904030150774,252,0,0,3.0
468,1,0.001,0.0001,250,0.9752111619411448,0.9889974758915259,-0.013786313950381102,252,0,0,3.0
469,1,0.001,0.0001,250,0.9752111619411448,1.0216887570673834,-0.04647759512623861,252,0,0,3.0
470,1,0.001,0.0001,250,0.9752111619411448,0.9992575760984498,-0.02404641415730502,252,0,0,3.0
471,1,0.001,0.0001,250,0.9752111619411448,0.9871664763837782,-0.011955314442633425,252,0,0,3.0
472,1,0.001,0.0001,250,0.9752111619411448,1.0044631578947358,-0.02925199595359107,252,0,0,3.0
473,1,0.001,0.0001,250,0.9752111619411448,0.9795268325901199,-0.0043156706489750896,252,0,0,3.0
474,1,0.001,0.0001,250,0.9752111619411448,1.0100311931958428,-0.034820031254698014,252,0,0,3.0
475,1,0.001,0.0001,250,0.9752111619411448,0.9831936385127882,-0.007982476571643415,252,0,0,3.0
476,1,0.001,0.0001,250,0.9752111619411448,1.0151543067710713,-0.03994314482992656,252,0,0,3.0
477,1,0.001,0.0001,250,0.9752111619411448,1.0084497400902723,-0.03323857814912756,252,0,0,3.0
478,1,0.001,0.0001,250,0.9752111619411448,1.0132345392461004,-0.03802337730495564,252,0,0,3.0
479,1,0.001,0.0001,250,0.97370573895942,0.9810060172594706,-0.007300278300050533,251,0,1,3.0
480,1,0.001,0.0001,250,0.9752111619411448,1.0195602729340427,-0.044349110992897955,252,0,0,3.0
481,1,0.001,0.0001,250,0.9752111619411448,0.996606552128908,-0.021395390187763264,252,0,0,3.0
482,1,0.001,0.0001,250,0.9752111619411448,0.9842617927109558,-0.009050630769811052,252,0,0,3.0
483,1,0.001,0.0001,250,0.9752111619411448,0.9866908006814302,-0.011479638740285458,252,0,0,3.0
484,1,0.001,0.0001,250,0.9752111619411448,0.9867445370431118,-0.011533375101967058,252,0,0,3.0
485,1,0.001,0.0001,250,0.9752111619411448,0.9764394580863675,-0.0012282961452226848,252,0,0,3.0
486,1,0.001,0.0001,250,0.9752111619411448,1.0036103511683199,-0.028399189227175103,252,0,0,3.0
487,1,0.001,0.0001,250,0.9752111619411448,0.9898855126108316,-0.014674350669686809,252,0,0,3.0
488,1,0.001,0.0001,250,0.9736221159015708,1.0108677012775436,-0.03724558537597278,251,0,1,3.0
489,1,0.001,0.0001,250,0.974333384117614,0.9808722584965684,-0.006538874378954396,251,0,1,3.0
490,1,0.001,0.0001,250,0.9752111619411448,0.9818052236615938,-0.006594061720449074,252,0,0,3.0
491,1,0.001,0.0001,250,0.9752111619411448,0.992573465076079,-0.017362303134934254,252,0,0,3.0
492,1,0.001,0.0001,250,0.9752111619411448,0.996627390710381,-0.021416228769236212,252,0,0,3.0
493,1,0.001,0.0001,250,0.9752111619411448,1.0176400694634842,-0.04242890752233941,252,0,0,3.0
494,1,0.001,0.0001,250,0.9752111619411448,1.01759016902533,-0.04237900708418518,252,0,0,3.0
495,1,0.001,0.0001,250,0.9752111619411448,1.0066017316017297,-0.031390569660584955,252,0,0,3.0
496,1,0.001,0.0001,250,0.9752111619411448,1.0136577775856879,-0.0384466156445431,252,0,0,3.0
497,1,0.001,0.0001,250,0.9752111619411448,1.0044945374083796,-0.029283375467234807,252,0,0,3.0
498,1,0.001,0.0001,250,0.9752111619411448,0.9992253255726302,-0.024014163631485452,252,0,0,3.0
499,1,0.001,0.0001,250,0.9752111619411448,0.9566284062034512,0.018582755737693524,252,0,0,4.0
500,1,0.001,0.0001,250,0.9752111619411448,1.0129315068493157,-0.03772034490817089,252,0,0,4.0
501,1,0.001,0.0001,250,0.9752111619411448,0.9909954760925569,-0.015784314151412127,252,0,0,4.0
502,1,0.001,0.0001,250,0.9752111619411448,0.9951466689472341,-0.01993550700608937,252,0,0,4.0
503,1,0.001,0.0001,250,0.9752111619411448,1.0042461952409016,-0.029035033299756874,252,0,0,4.0
504,1,0.001,0.0001,250,0.9752111619411448,0.9930339567977503,-0.01782279485660554,252,0,0,4.0
505,1,0.001,0.0001,250,0.9752111619411448,1.0074215246636775,-0.03221036272253275,252,0,0,4.0
506,1,0.001,0.0001,250,0.9752111619411448,0.9932287188306114,-0.0180175568894666,252,0,0,4.0
507,1,0.001,0.0001,250,0.9752111619411448,1.0297709222788414,-0.054559760337696606,252,0,0,3.0
508,1,0.001,0.0001,250,0.9752111619411448,1.0083627971968754,-0.033151635255730616,252,0,0,2.0
509,1,0.001,0.0001,250,0.9752111619411448,0.9824747040539658,-0.0072635421128209865,252,0,0,2.0
510,1,0.001,0.0001,250,0.9752111619411448,1.0053354619165649,-0.0301242999754201,252,0,0,2.0
511,1,0.001,0.0001,250,0.9752111619411448,1.0026252782794987,-0.02741411633835389,252,0,0,2.0
512,1,0.001,0.0001,250,0.9752111619411448,1.0057689786285569,-0.030557816687412087,252,0,0,2.0
513,1,0.001,0.0001,250,0.9752111619411448,0.9751304003345291,8.076160661563137e-05,252,0,0,3.0
514,1,0.001,0.0001,250,0.9752111619411448,0.9815066457174391,-0.006295483776294297,252,0,0,3.0
515,1,0.001,0.0001,250,0.9752111619411448,0.9961004654283185,-0.02088930348717377,252,0,0,3.0
516,1,0.001,0.0001,250,0.9742772607557109,0.9816599732262381,-0.007382712470527242,251,0,1,3.0
517,1,0.001,0.0001,250,0.9752111619411448,1.0125431778929204,-0.0373320159517756,252,0,0,3.0
518,1,0.001,0.0001,250,0.9752111619411448,1.0144829050753876,-0.039271743134242865,252,0,0,3.0
519,1,0.001,0.0001,250,0.9752111619411448,0.9840625205804231,-0.008851358639278328,252,0,0,3.0
520,1,0.001,0.0001,250,0.9752111619411448,0.9816322956346604,-0.006421133693515602,252,0,0,3.0
521,1,0.001,0.0001,250,0.9752111619411448,0.9804991368470413,-0.0052879749058964975,252,0,0,3.0
522,1,0.001,0.0001,250,0.9752111619411448,0.99516845412198,-0.019957292180835196,252,0,0,3.0
523,1,0.001,0.0001,250,0.9752111619411448,0.9964327365027084,-0.021221574561563594,252,0,0,3.0
524,1,0.001,0.0001,250,0.9752111619411448,1.0078324879931777,-0.03262132605203294,252,0,0,3.0
525,1,0.001,0.0001,250,0.9752111619411448,1.0154509120950301,-0.04023975015388537,252,0,0,3.0
526,1,0.001,0.0001,250,0.9752111619411448,0.9928271518544421,-0.01761598991329738,252,0,0,3.0
527,1,0.001,0.0001,250,0.9752111619411448,0.9933548259753935,-0.01814366403424872,252,0,0,3.0
528,1,0.001,0.0001,250,0.9740004905554904,0.9994417006656646,-0.025441210110174195,251,1,0,3.0
529,1,0.001,0.0001,250,0.9735451100318382,1.0148074791917197,-0.04126236915988146,251,1,0,3.0
530,1,0.001,0.0001,250,0.9752111619411448,1.024596328245963,-0.04938516630481815,252,0,0,3.0
531,1,0.001,0.0001,250,0.9752111619411448,0.9998952945364695,-0.02468413259532476,252,0,0,3.0
532,1,0.001,0.0001,250,0.9752111619411448,0.9973063665624209,-0.02209520462127612,252,0,0,3.0
533,1,0.001,0.0001,250,0.9752111619411448,0.9904606101810146,-0.015249448239869845,252,0,0,3.0
534,1,0.001,0.0001,250,0.9713336050046614,0.9765294017963052,-0.005195796791643836,250,0,2,3.0
535,1,0.001,0.0001,250,0.9737460176622418,1.005763442696437,-0.032017425034195246,251,0,1,3.0
536,1,0.001,0.0001,250,0.9734770638633184,1.0120262158779987,-0.03854915201468023,251,1,0,3.0
537,1,0.001,0.0001,250,0.9752111619411448,0.9942595917004136,-0.019048429759268792,252,0,0,3.0
538,1,0.001,0.0001,250,0.9752111619411448,0.9825159249855221,-0.007304763044377327,252,0,0,3.0
539,1,0.001,0.0001,250,0.9752111619411448,1.0023469899284507,-0.02713582798730596,252,0,0,3.0
540,1,0.001,0.0001,250,0.9752111619411448,1.025875260839322,-0.050664098898177246,252,0,0,3.0
541,1,0.001,0.0001,250,0.9752111619411448,0.9839029064196733,-0.008691744478528496,252,0,0,3.0
542,1,0.001,0.0001,250,0.9752111619411448,0.9927718210206794,-0.017560659079534635,252,0,0,3.0
543,1,0.001,0.0001,250,0.9752111619411448,1.0075718685831607,-0.03236070664201596,252,0,0,3.0
544,1,0.001,0.0001,250,0.9752111619411448,0.9835239472415769,-0.008312785300432113,252,0,0,3.0
545,1,0.001,0.0001,250,0.9752111619411448,0.9950235232618895,-0.01981236132074471,252,0,0,3.0
546,1,0.001,0.0001,250,0.9752111619411448,0.9885713069572426,-0.013360145016097835,252,0,0,3.0
547,1,0.001,0.0001,250,0.9723665021521645,1.0020491803278686,-0.029682678175704136,251,0,1,3.0
548,1,0.001,0.0001,250,0.9752111619411448,0.9914593946658676,-0.016248232724722866,252,0,0,2.0
549,1,0.001,0.0001,250,0.9752111619411448,1.0131662540802255,-0.03795509213908077,252,0,0,2.0
550,1,0.001,0.0001,250,0.9752111619411448,0.9833279621871309,-0.008116800245986155,252,0,0,2.0
551,1,0.001,0.0001,250,0.9752111619411448,0.9910224438902762,-0.015811281949131395,252,0,0,2.0
552,1,0.001,0.0001,250,0.9752111619411448,0.9968971829099499,-0.02168602096880512,252,0,0,2.0
553,1,0.001,0.0001,250,0.9752111619411448,1.0004438329412808,-0.025232671000136042,252,0,0,2.0
554,1,0.001,0.0001,250,0.9752111619411448,0.9862312219790497,-0.0110200600379049,252,0,0,2.0
555,1,0.001,0.0001,250,0.9752111619411448,0.9957927786499204,-0.020581616708775674,252,0,0,2.0
556,1,0.001,0.0001,250,0.9752111619411448,0.9913349101439015,-0.01612374820275675,252,0,0,2.0
557,1,0.001,0.0001,250,0.9752111619411448,1.0345645701525867,-0.05935340821144197,252,0,0,2.0
558,1,0.001,0.0001,250,0.9752111619411448,0.9970529835928522,-0.02184182165170745,252,0,0,2.0
559,1,0.001,0.0001,250,0.9752111619411448,1.021570507233746,-0.04635934529260122,252,0,0,2.0
560,1,0.001,0.0001,250,0.9752111619411448,1.0352388045805774,-0.06002764263943261,252,0,0,2.0
561,1,0.001,0.0001,250,0.9752111619411448,1.0122426389196384,-0.03703147697849363,252,0,0,2.0
562,1,0.001,0.0001,250,0.9752111619411448,1.0106416772553992,-0.03543051531425445,252,0,0,2.0
563,1,0.001,0.0001,250,0.9752111619411448,1.015109020175517,-0.03989785823437231,252,0,0,2.0
564,1,0.001,0.0001,250,0.9752111619411448,1.0090122812194957,-0.033801119278350944,252,0,0,2.0
565,1,0.001,0.0001,250,0.9752111619411448,0.9819770731605102,-0.006765911219365428,252,0,0,2.0
566,1,0.001,0.0001,250,0.9752111619411448,1.0028743585922009,-0.0276631966510561,252,0,0,2.0
567,1,0.001,0.0001,250,0.9752111619411448,0.9863917703638231,-0.011180608422678318,252,0,0,2.0
568,1,0.001,0.0001,250,0.9752111619411448,0.9917727380413958,-0.016561576100250996,252,0,0,2.0
569,1,0.001,0.0001,250,0.9752111619411448,0.9863273346821426,-0.011116172740997854,252,0,0,2.0
570,1,0.001,0.0001,250,0.9752111619411448,0.9902348443473523,-0.01502368240620755,252,0,0,2.0
571,1,0.001,0.0001,250,0.9752111619411448,0.9990675576671189,-0.02385639572597409,252,0,0,2.0
572,1,0.001,0.0001,250,0.9752111619411448,1.0234094933701887,-0.04819833142904395,252,0,0,2.0
573,1,0.001,0.0001,250,0.9752111619411448,0.9960189208278947,-0.020807758886749905,252,0,0,2.0
574,1,0.001,0.0001,250,0.9752111619411448,1.0038529282254531,-0.028641766284308368,252,0,0,2.0
575,1,0.001,0.0001,250,0.9752111619411448,1.0072214883311303,-0.03201032638998558,252,0,0,2.0
576,1,0.001,0.0001,250,0.9752111619411448,1.014102126691686,-0.038890964750541324,252,0,0,2.0
577,1,0.001,0.0001,250,0.9752111619411448,0.998102385876635,-0.022891223935490257,252,0,0,2.0
578,1,0.001,0.0001,250,0.9752111619411448,1.0023064664933337,-0.027095304552188892,252,0,0,2.0
579,1,0.001,0.0001,250,0.9752111619411448,1.001591189833136,-0.02638002789199123,252,0,0,2.0
580,1,0.001,0.0001,250,0.9752111619411448,0.9825939881818951,-0.007382826240750373,252,0,0,2.0
581,1,0.001,0.0001,250,0.9752111619411448,0.9760746060671006,-0.0008634441259558479,252,0,0,2.0
582,1,0.001,0.0001,250,0.9731403086143632,1.0261337789537193,-0.052993470339356086,251,0,1,2.0
583,1,0.001,0.0001,250,0.9752111619411448,1.003149606299212,-0.02793844435806725,252,0,0,2.0
584,1,0.001,0.0001,250,0.9752111619411448,1.0028993423955301,-0.02768818045438537,252,0,0,2.0
585,1,0.001,0.0001,250,0.9752111619411448,1.0023110214714903,-0.02709985953034555,252,0,0,2.0
586,1,0.001,0.0001,250,0.9752111619411448,0.9975231361599591,-0.022311974218814368,252,0,0,2.0
587,1,0.001,0.0001,250,0.9752111619411448,0.9821522199618302,-0.006941058020685453,252,0,0,2.0
588,1,0.001,0.0001,250,0.9752111619411448,1.006396683531327,-0.031185521590182175,252,0,0,2.0
589,1,0.001,0.0001,250,0.9752111619411448,0.9865174365844153,-0.011306274643270497,252,0,0,2.0
590,1,0.001,0.0001,250,0.9752111619411448,0.99092025616282,-0.015709094221675213,252,0,0,2.0
591,1,0.001,0.0001,250,0.9752111619411448,1.0012820238883795,-0.026070861947234736,252,0,0,2.0
592,1,0.001,0.0001,250,0.9752111619411448,0.9840180626881514,-0.00880690074700663,252,0,0,2.0
593,1,0.001,0.0001,250,0.9752111619411448,1.012903499649822,-0.037692337708677304,252,0,0,2.0
594,1,0.001,0.0001,250,0.9752111619411448,0.9904464056207686,-0.015235243679623811,252,0,0,2.0
595,1,0.001,0.0001,250,0.9752111619411448,1.019179265658747,-0.04396810371760229,252,0,0,2.0
596,1,0.001,0.0001,250,0.9752111619411448,1.0142825262218267,-0.03907136428068192,252,0,0,2.0
597,1,0.001,0.0001,250,0.9752111619411448,0.9902348443473523,-0.01502368240620755,252,0,0,2.0
598,1,0.001,0.0001,250,0.9752111619411448,0.9849531481520126,-0.009741986210867859,252,0,0,2.0
599,1,0.001,0.0001,250,0.9752111619411448,0.9710267479638608,0.004184413977283974,252,0,0,2.0
600,1,0.001,0.0001,250,0.9752111619411448,0.9819317514882191,-0.006720589547074329,252,0,0,2.0
601,1,0.001,0.0001,250,0.9752111619411448,1.0115280789485328,-0.03631691700738804,252,0,0,2.0
602,1,0.001,0.0001,250,0.9752111619411448,0.994698929098178,-0.019487767157033264,252,0,0,2.0
603,1,0.001,0.0001,250,0.9752111619411448,0.9937051894844666,-0.018494027543321856,252,0,0,2.0
604,1,0.001,0.0001,250,0.9752111619411448,0.983630573248408,-0.008419411307263203,252,0,0,2.0
605,1,0.001,0.0001,250,0.9730071626050238,0.9760022709406941,-0.0029951083356702934,251,0,1,2.0
606,1,0.001,0.0001,250,0.9752111619411448,0.9798289425735762,-0.004617780632431456,252,0,0,2.0
607,1,0.001,0.0001,250,0.9752111619411448,1.003033086272078,-0.027821924330933223,252,0,0,2.0
608,1,0.001,0.0001,250,0.9752111619411448,1.0118605514808283,-0.03664938953968355,252,0,0,2.0
609,1,0.001,0.0001,250,0.9752111619411448,1.0119783017823538,-0.03676713984120905,252,0,0,2.0
610,1,0.001,0.0001,250,0.9752111619411448,1.0060669456066944,-0.03085578366554964,252,0,0,2.0
611,1,0.001,0.0001,250,0.9752111619411448,0.9738353405048629,0.0013758214362818988,252,0,0,3.0
612,1,0.001,0.0001,250,0.9752111619411448,1.004931366479516,-0.02972020453837132,252,0,0,3.0
613,1,0.001,0.0001,250,0.9752111619411448,0.968274084869991,0.006937077071153763,252,0,0,3.0
614,1,0.001,0.0001,250,0.9752111619411448,0.9844254391481162,-0.009214277206971433,252,0,0,3.0
615,1,0.001,0.0001,250,0.9752111619411448,1.0137465100914296,-0.03853534815028481,252,0,0,3.0
616,1,0.001,0.0001,250,0.9752111619411448,0.9941473344925559,-0.018936172551411112,252,0,0,3.0
617,1,0.001,0.0001,250,0.9752111619411448,0.9914244566640494,-0.01621329472290467,252,0,0,3.0
618,1,0.001,0.0001,250,0.9752111619411448,0.9841682263569306,-0.00895706441578581,252,0,0,3.0
619,1,0.001,0.0001,250,0.9723230271844098,0.9557004722284678,0.016622554955942004,251,1,0,4.0
620,1,0.001,0.0001,250,0.9731399884846617,0.985942282466113,-0.012802293981451385,251,1,0,4.0
621,1,0.001,0.0001,250,0.9752111619411448,0.9984648187633253,-0.023253656822180502,252,0,0,4.0
622,1,0.001,0.0001,250,0.9752111619411448,0.9786496035849693,-0.0034384416438245635,252,0,0,4.0
623,1,0.001,0.0001,250,0.9752111619411448,0.9942393129689842,-0.01902815102783939,252,0,0,4.0
624,1,0.001,0.0001,250,0.9752111619411448,1.0007153828350221,-0.025504220893877383,252,0,0,4.0
625,1,0.001,0.0001,250,0.9752111619411448,0.9814043375563667,-0.006193175615221924,252,0,0,4.0
626,1,0.001,0.0001,250,0.9752111619411448,1.0036103511683199,-0.028399189227175103,252,0,0,4.0
627,1,0.001,0.0001,250,0.9752111619411448,0.9859323882224634,-0.010721226281318663,252,0,0,4.0
628,1,0.001,0.0001,250,0.9752111619411448,1.0200824816209442,-0.044871319679799404,252,0,0,4.0
629,1,0.001,0.0001,250,0.9752111619411448,1.0183791731534362,-0.04316801121229141,252,0,0,4.0
630,1,0.001,0.0001,250,0.9752111619411448,1.0108243912747426,-0.035613229333597785,252,0,0,4.0
631,1,0.001,0.0001,250,0.9752111619411448,0.9958976621085123,-0.020686500167367505,252,0,0,4.0
632,1,0.001,0.0001,250,0.9752111619411448,0.9925638538635639,-0.017352691922419172,252,0,0,4.0
633,1,0.001,0.0001,250,0.9752111619411448,0.9953799314441457,-0.02016876950300095,252,0,0,4.0
634,1,0.001,0.0001,250,0.9752111619411448,0.978186435681729,-0.002975273740584261,252,0,0,4.0
635,1,0.001,0.0001,250,0.9752111619411448,1.013899947676139,-0.038688785734994235,252,0,0,4.0
636,1,0.001,0.0001,250,0.9752111619411448,0.9821625435463247,-0.00695138160517994,252,0,0,4.0
637,1,0.001,0.0001,250,0.9752111619411448,0.9868406836794202,-0.011629521738275472,252,0,0,4.0
638,1,0.001,0.0001,250,0.9752111619411448,1.0120044606739125,-0.03679329873276771,252,0,0,4.0
639,1,0.001,0.0001,250,0.9752111619411448,0.9896107758986987,-0.014399613957553958,252,0,0,4.0
640,1,0.001,0.0001,250,0.9752111619411448,1.001706018834448,-0.02649485689330322,252,0,0,4.0
641,1,0.001,0.0001,250,0.9752111619411448,1.0020602085435595,-0.026849046602414717,252,0,0,4.0
642,1,0.001,0.0001,250,0.9752111619411448,0.9873208499162693,-0.012109687975124572,252,0,0,4.0
643,1,0.001,0.0001,250,0.9752111619411448,1.0009393881167379,-0.025728226175593116,252,0,0,4.0
644,1,0.001,0.0001,250,0.9752111619411448,1.0025808888329355,-0.027369726891790735,252,0,0,4.0
645,1,0.001,0.0001,250,0.9752111619411448,0.9864650704587318,-0.011253908517587008,252,0,0,4.0
646,1,0.001,0.0001,250,0.9752111619411448,0.9947597477573494,-0.019548585816204667,252,0,0,4.0
647,1,0.001,0.0001,250,0.9752111619411448,1.002624837260091,-0.02741367531894623,252,0,0,4.0
648,1,0.001,0.0001,250,0.9752111619411448,0.98663004494484,-0.011418883003695202,252,0,0,4.0
649,1,0.001,0.0001,250,0.9752111619411448,0.9866908006814302,-0.011479638740285458,252,0,0,4.0
650,1,0.001,0.0001,250,0.9752111619411448,1.0213870246085006,-0.04617586266735585,252,0,0,4.0
651,1,0.001,0.0001,250,0.9752111619411448,1.0015730545017114,-0.026361892560566647,252,0,0,4.0
652,1,0.001,0.0001,250,0.9752111619411448,1.0044165653203587,-0.029205403379213957,252,0,0,4.0
653,1,0.001,0.0001,250,0.9752111619411448,0.9957249505498,-0.02051378860865527,252,0,0,4.0
654,1,0.001,0.0001,250,0.9752111619411448,1.007347758292927,-0.03213659635178234,252,0,0,4.0
655,1,0.001,0.0001,250,0.9752111619411448,0.9990355180945203,-0.023824356153375525,252,0,0,4.0
656,1,0.001,0.0001,250,0.9752111619411448,0.9850928862709557,-0.009881724329810937,252,0,0,4.0
657,1,0.001,0.0001,250,0.9752111619411448,0.9924784639780572,-0.017267302036912402,252,0,0,4.0
658,1,0.001,0.0001,250,0.9752111619411448,0.9925431540501762,-0.01733199210903147,252,0,0,4.0
659,1,0.001,0.0001,250,0.9752111619411448,0.9873275313097006,-0.012116369368555868,252,0,0,4.0
660,1,0.001,0.0001,250,0.9752111619411448,1.0219358936551515,-0.046724731714006706,252,0,0,4.0
661,1,0.001,0.0001,250,0.9752111619411448,1.0044390379238972,-0.02922787598275245,252,0,0,4.0
662,1,0.001,0.0001,250,0.9752111619411448,1.011281955849171,-0.036070793908026255,252,0,0,4.0
663,1,0.001,0.0001,250,0.9752111619411448,0.9905079527963054,-0.015296790855160669,252,0,0,4.0
664,1,0.001,0.0001,250,0.9752111619411448,1.0148284015822884,-0.03961723964114361,252,0,0,4.0
665,1,0.001,0.0001,250,0.9752111619411448,1.0075356150104227,-0.03232445306927789,252,0,0,4.0
666,1,0.001,0.0001,250,0.9734563963731347,1.0067237999726477,-0.03326740359951297,251,1,0,4.0
667,1,0.001,0.0001,250,0.9752111619411448,1.0269766421756783,-0.051765480234533534,252,0,0,4.0
668,1,0.001,0.0001,250,0.9752111619411448,1.0114843277782586,-0.03627316583711382,252,0,0,4.0
669,1,0.001,0.0001,250,0.9752111619411448,1.0124088436161587,-0.037197681675013916,252,0,0,4.0
670,1,0.001,0.0001,250,0.9752111619411448,1.018816458622285,-0.043605296681140215,252,0,0,4.0
671,1,0.001,0.0001,250,0.9752111619411448,1.0209504701024186,-0.045739308161273806,252,0,0,4.0
672,1,0.001,0.0001,250,0.9752111619411448,0.9936593791191296,-0.018448217177984838,252,0,0,4.0
673,1,0.001,0.0001,250,0.9752111619411448,1.012725554407789,-0.03751439246664434,252,0,0,4.0
674,1,0.001,0.0001,250,0.9752111619411448,1.0084561123454938,-0.03324495040434905,252,0,0,4.0
675,1,0.001,0.0001,250,0.9752111619411448,0.983903420523139,-0.008692258581994183,252,0,0,4.0
676,1,0.001,0.0001,250,0.9752111619411448,0.9883026818241671,-0.013091519883022373,252,0,0,4.0
677,1,0.001,0.0001,250,0.9752111619411448,1.0126885536823436,-0.037477391741198796,252,0,0,4.0
678,1,0.001,0.0001,250,0.9752111619411448,1.0078768429792866,-0.032665681038141825,252,0,0,4.0
679,1,0.001,0.0001,250,0.9752111619411448,0.9995603107137607,-0.02434914877261596,252,0,0,4.0
680,1,0.001,0.0001,250,0.9752111619411448,1.0167969256012779,-0.04158576366013311,252,0,0,4.0
681,1,0.001,0.0001,250,0.9752111619411448,0.9890562975634369,-0.01384513562229217,252,0,0,4.0
682,1,0.001,0.0001,250,0.9752111619411448,1.0230393652731151,-0.047828203331970354,252,0,0,4.0
683,1,0.001,0.0001,250,0.9752111619411448,1.0074626865671656,-0.03225152462602088,252,0,0,4.0
684,1,0.001,0.0001,250,0.9752111619411448,0.9795623539409386,-0.004351191999793835,252,0,0,4.0
685,1,0.001,0.0001,250,0.9752111619411448,1.0077540470684254,-0.03254288512728065,252,0,0,4.0
686,1,0.001,0.0001,250,0.9752111619411448,1.000620029077226,-0.02540886713608126,252,0,0,4.0
687,1,0.001,0.0001,250,0.9752111619411448,1.0163460670098456,-0.04113490506870088,252,0,0,4.0
688,1,0.001,0.0001,250,0.9752111619411448,0.9898484914640002,-0.014637329522855458,252,0,0,4.0
689,1,0.001,0.0001,250,0.9752111619411448,0.9952839588176684,-0.020072796876523635,252,0,0,4.0
690,1,0.001,0.0001,250,0.9752111619411448,0.9842157402311504,-0.009004578290005671,252,0,0,4.0
691,1,0.001,0.0001,250,0.9752111619411448,1.010222515972679,-0.035011354031534214,252,0,0,4.0
692,1,0.001,0.0001,250,0.9752111619411448,0.9882876604545549,-0.013076498513410084,252,0,0,4.0
693,1,0.001,0.0001,250,0.9752111619411448,0.9932690900729523,-0.01805792813180751,252,0,0,4.0
694,1,0.001,0.0001,250,0.9752111619411448,1.0065997888067566,-0.031388626865611835,252,0,0,4.0
695,1,0.001,0.0001,250,0.9752111619411448,1.02149056645023,-0.0462794045090853,252,0,0,4.0
696,1,0.001,0.0001,250,0.9752111619411448,0.9997006692181061,-0.02448950727696131,252,0,0,4.0
697,1,0.001,0.0001,250,0.9752111619411448,1.0125385718631825,-0.03732740992203776,252,0,0,4.0
698,1,0.001,0.0001,250,0.9752111619411448,1.0051915311812352,-0.0299803692400904,252,0,0,4.0
699,1,0.001,0.0001,250,0.9752111619411448,0.980532786885246,-0.005321624944101266,252,0,0,3.0
700,1,0.001,0.0001,250,0.9752111619411448,1.0175947367282026,-0.04238357478705779,252,0,0,3.0
701,1,0.001,0.0001,250,0.9752111619411448,0.9979037088228503,-0.022692546881705522,252,0,0,3.0
702,1,0.001,0.0001,250,0.9752111619411448,0.9964006938421516,-0.02118953190100681,252,0,0,3.0
703,1,0.001,0.0001,250,0.9752111619411448,0.9871733863990304,-0.01196222445788564,252,0,0,3.0
704,1,0.001,0.0001,250,0.9752111619411448,0.991202346041056,-0.015991184099911182,252,0,0,3.0
705,1,0.001,0.0001,250,0.9752111619411448,0.9936868950812111,-0.01847573314006634,252,0,0,3.0
706,1,0.001,0.0001,250,0.9752111619411448,0.9853626223342865,-0.010151460393141742,252,0,0,3.0
707,1,0.001,0.0001,250,0.9752111619411448,1.0088638368365548,-0.03365267489541002,252,0,0,3.0
708,1,0.001,0.0001,250,0.9752111619411448,0.9878352731347047,-0.012624111193559884,252,0,0,3.0
709,1,0.001,0.0001,250,0.9752111619411448,0.9737816230423836,0.0014295388987611846,252,0,0,4.0
710,1,0.001,0.0001,250,0.9752111619411448,1.0131345008445223,-0.03792333890337751,252,0,0,4.0
711,1,0.001,0.0001,250,0.9752111619411448,0.9872130509097983,-0.012001888968653507,252,0,0,3.0
712,1,0.001,0.0001,250,0.9752111619411448,0.9976325555602945,-0.022421393619149743,252,0,0,3.0
713,1,0.001,0.0001,250,0.9752111619411448,1.0196932729173922,-0.044482110976247435,252,0,0,2.0
714,1,0.001,0.0001,250,0.9752111619411448,1.0300477332218827,-0.054836571280737934,252,0,0,2.0
715,1,0.001,0.0001,250,0.9752111619411448,0.9989951852627179,-0.023784023321573144,252,0,0,2.0
716,1,0.001,0.0001,250,0.9752111619411448,1.020555783473323,-0.04534462153217822,252,0,0,2.0
717,1,0.001,0.0001,250,0.9752111619411448,1.0048284407981918,-0.029617278857047014,252,0,0,2.0
718,1,0.001,0.0001,250,0.9752111619411448,1.02244965335094,-0.04723849140979519,252,0,0,2.0
719,1,0.001,0.0001,250,0.9752111619411448,0.9938249978102834,-0.018613835869138673,252,0,0,1.0
720,1,0.001,0.0001,250,0.9752111619411448,0.9953251988934871,-0.020114036952342373,252,0,0,1.0
721,1,0.001,0.0001,250,0.9752111619411448,0.996101904315596,-0.02089074237445121,252,0,0,1.0
722,1,0.001,0.0001,250,0.9752111619411448,0.9800480823241284,-0.004836920382983667,252,0,0,1.0
723,1,0.001,0.0001,250,0.9724789917403498,1.0044123027915903,-0.03193331105124053,251,1,0,1.0
724,1,0.001,0.0001,250,0.9752111619411448,1.0189761997302165,-0.043765037789071704,252,0,0,1.0
725,1,0.001,0.0001,250,0.9752111619411448,0.9838374917200261,-0.008626329778881336,252,0,0,1.0
726,1,0.001,0.0001,250,0.9752111619411448,0.9857958897813573,-0.010584727840212582,252,0,0,1.0
727,1,0.001,0.0001,250,0.9752111619411448,0.9738161559888583,0.0013950059522864766,252,0,0,2.0
728,1,0.001,0.0001,250,0.9752111619411448,1.005336358670531,-0.030125196729386294,252,0,0,2.0
729,1,0.001,0.0001,250,0.9752111619411448,0.9941356673960606,-0.018924505454915863,252,0,0,2.0
730,1,0.001,0.0001,250,0.9752111619411448,1.0062745098039205,-0.03106334786277576,252,0,0,2.0
731,1,0.001,0.0001,250,0.9752111619411448,0.9953282573052135,-0.020117095364068693,252,0,0,2.0
732,1,0.001,0.0001,250,0.9752111619411448,0.9816075580786386,-0.006396396137493876,252,0,0,2.0
733,1,0.001,0.0001,250,0.9752111619411448,0.9757290766083966,-0.0005179146672518176,252,0,0,2.0
734,1,0.001,0.0001,250,0.9752111619411448,0.975444430234045,-0.0002332682929002683,252,0,0,2.0
735,1,0.001,0.0001,250,0.9752111619411448,0.9813284687198199,-0.006117306778675169,252,0,0,2.0
736,1,0.001,0.0001,250,0.9752111619411448,1.01318149404672,-0.03797033210557532,252,0,0,2.0
737,1,0.001,0.0001,250,0.9752111619411448,1.006475607088163,-0.031264445147018316,252,0,0,2.0
738,1,0.001,0.0001,250,0.9752111619411448,1.0124997159155444,-0.037288553974399674,252,0,0,2.0
739,1,0.001,0.0001,250,0.9752111619411448,1.023527568220993,-0.048316406279848234,252,0,0,2.0
740,1,0.001,0.0001,250,0.9752111619411448,0.9804991368470413,-0.0052879749058964975,252,0,0,2.0
741,1,0.001,0.0001,250,0.9752111619411448,0.9977158714910874,-0.02250470954994266,252,0,0,2.0
742,1,0.001,0.0001,250,0.9752111619411448,1.0181869540654465,-0.04297579212430169,252,0,0,2.0
743,1,0.001,0.0001,250,0.9752111619411448,0.9976055912679586,-0.02239442932681379,252,0,0,2.0
744,1,0.001,0.0001,250,0.9752111619411448,1.0188679245283034,-0.04365676258715867,252,0,0,2.0
745,1,0.001,0.0001,250,0.9752111619411448,1.0028743585922004,-0.027663196651055655,252,0,0,2.0
746,1,0.001,0.0001,250,0.9752111619411448,1.0163541809224004,-0.04114301898125561,252,0,0,2.0
747,1,0.001,0.0001,250,0.9752111619411448,1.002197802197804,-0.0269866402566592,252,0,0,2.0
748,1,0.001,0.0001,250,0.9752111619411448,1.0023410232399745,-0.02712986129882977,252,0,0,2.0
749,1,0.001,0.0001,250,0.9752111619411448,0.9837143951973419,-0.008503233256197174,252,0,0,2.0
750,1,0.001,0.0001,250,0.9752111619411448,1.0114606841010683,-0.0362495221599235,252,0,0,2.0
751,1,0.001,0.0001,250,0.9752111619411448,0.9719577181794368,0.003253443761707997,252,0,0,3.0
752,1,0.001,0.0001,250,0.9752111619411448,0.9762896161895093,-0.001078454248364502,252,0,0,3.0
753,1,0.001,0.0001,250,0.9752111619411448,0.9916291049581459,-0.01641794301700117,252,0,0,3.0
754,1,0.001,0.0001,250,0.9752111619411448,1.0108972030512158,-0.03568604111007101,252,0,0,3.0
755,1,0.001,0.0001,250,0.9752111619411448,0.9902139622722499,-0.015002800331105126,252,0,0,3.0
756,1,0.001,0.0001,250,0.9752111619411448,0.9948294829482944,-0.019618321007149664,252,0,0,3.0
757,1,0.001,0.0001,250,0.9752111619411448,0.9980082667637546,-0.02279710482260988,252,0,0,3.0
758,1,0.001,0.0001,250,0.9752111619411448,1.012972674579077,-0.03776151263793226,252,0,0,3.0
759,1,0.001,0.0001,250,0.9752111619411448,1.0092773649676265,-0.03406620302648178,252,0,0,3.0
760,1,0.001,0.0001,250,0.9752111619411448,1.0456287985039734,-0.07041763656282862,252,0,0,3.0
761,1,0.001,0.0001,250,0.9752111619411448,0.9887806709512136,-0.013569509010068814,252,0,0,3.0
762,1,0.001,0.0001,250,0.9752111619411448,0.9677532498849104,0.0074579120562343615,252,0,0,4.0
763,1,0.001,0.0001,250,0.9752111619411448,0.9732213700079345,0.00198979193321025,252,0,0,5.0
764,1,0.001,0.0001,250,0.9752111619411448,1.0172034190986028,-0.041992257157458024,252,0,0,5.0
765,1,0.001,0.0001,250,0.9752111619411448,0.9913662299916649,-0.01615506805052014,252,0,0,5.0
766,1,0.001,0.0001,250,0.9734563963731349,1.0187337942955947,-0.04527739792245988,251,0,1,5.0
767,1,0.001,0.0001,250,0.9752111619411448,1.0167012687427914,-0.041490106801646665,252,0,0,5.0
768,1,0.001,0.0001,250,0.9752111619411448,0.9880142533203758,-0.01280309137923108,252,0,0,5.0
769,1,0.001,0.0001,250,0.9752111619411448,1.0048059068964745,-0.029594744955329766,252,0,0,5.0
770,1,0.001,0.0001,250,0.9752111619411448,1.000647682858738,-0.025436520917593297,252,0,0,5.0
771,1,0.001,0.0001,250,0.9752111619411448,0.980555496070412,-0.00534433412926727,252,0,0,5.0
772,1,0.001,0.0001,250,0.9752111619411448,0.9833724438484736,-0.008161281907328788,252,0,0,5.0
773,1,0.001,0.0001,250,0.9752111619411448,1.0030457705799567,-0.02783460863881193,252,0,0,5.0
774,1,0.001,0.0001,250,0.9752111619411448,0.9894139473971418,-0.014202785455997069,252,0,0,5.0
775,1,0.001,0.0001,250,0.9752111619411448,1.0156145390147513,-0.04040337707360653,252,0,0,5.0
776,1,0.001,0.0001,250,0.9752111619411448,1.0302463704355467,-0.05503520849440191,252,0,0,5.0
777,1,0.001,0.0001,250,0.9752111619411448,0.9877483873760774,-0.01253722543493263,252,0,0,5.0
778,1,0.001,0.0001,250,0.9752111619411448,0.9970722116555902,-0.02186104971444547,252,0,0,5.0
779,1,0.001,0.0001,250,0.9752111619411448,0.9920798454603996,-0.016868683519254857,252,0,0,5.0
780,1,0.001,0.0001,250,0.9752111619411448,0.9941241197183096,-0.01891295777716484,252,0,0,5.0
781,1,0.001,0.0001,250,0.9752111619411448,1.0165909038465966,-0.041379741905451795,252,0,0,5.0
782,1,0.001,0.0001,250,0.9752111619411448,1.0011992804317416,-0.02598811849059679,252,0,0,5.0
783,1,0.001,0.0001,250,0.9752111619411448,0.9964861469003544,-0.021274984959209653,252,0,0,5.0
784,1,0.001,0.0001,250,0.9752111619411448,0.9762637268726209,-0.0010525649314760965,252,0,0,5.0
785,1,0.001,0.0001,250,0.9752111619411448,0.9981631314235735,-0.022951969482428725,252,0,0,5.0
786,1,0.001,0.0001,250,0.9752111619411448,1.0298464786873704,-0.05463531674622568,252,0,0,5.0
787,1,0.001,0.0001,250,0.9752111619411448,1.017125921903986,-0.04191475996284133,252,0,0,5.0
788,1,0.001,0.0001,250,0.9752111619411448,1.0111703421885028,-0.035959180247358,252,0,0,5.0
789,1,0.001,0.0001,250,0.9752111619411448,1.0024130346580082,-0.027201872716863473,252,0,0,5.0
790,1,0.001,0.0001,250,0.9752111619411448,0.9889215015558458,-0.013710339614701028,252,0,0,5.0
791,1,0.001,0.0001,250,0.9752111619411448,1.027098016897956,-0.051886854956811224,252,0,0,5.0
792,1,0.001,0.0001,250,0.9752111619411448,1.0245251262322677,-0.04931396429112289,252,0,0,5.0
793,1,0.001,0.0001,250,0.9752111619411448,1.0021620033164702,-0.02695084137532544,252,0,0,5.0
794,1,0.001,0.0001,250,0.9752111619411448,1.014331136813973,-0.039119974872828145,252,0,0,5.0
795,1,0.001,0.0001,250,0.9752111619411448,1.0133795193764887,-0.03816835743534397,252,0,0,5.0
796,1,0.001,0.0001,250,0.9752111619411448,1.003194207836455,-0.02798304589531031,252,0,0,5.0
797,1,0.001,0.0001,250,0.9752111619411448,0.9598264466525779,0.015384715288566886,252,0,0,6.0
798,1,0.001,0.0001,250,0.9752111619411448,0.9848315572361631,-0.009620395295018347,252,0,0,6.0
799,1,0.001,0.0001,250,0.9752111619411448,0.9981763188328455,-0.022965156891700755,252,0,0,6.0
800,1,0.001,0.0001,250,0.9752111619411448,1.0003861915080785,-0.025175029566933738,252,0,0,6.0
801,1,0.001,0.0001,250,0.9752111619411448,1.0172895362526244,-0.04207837431147965,252,0,0,6.0
802,1,0.001,0.0001,250,0.9752111619411448,1.0031087194219912,-0.027897557480846435,252,0,0,6.0
803,1,0.001,0.0001,250,0.9752111619411448,1.0035858063664584,-0.028374644425313678,252,0,0,6.0
804,1,0.001,0.0001,250,0.9752111619411448,1.0028499117378067,-0.02763874979666192,252,0,0,6.0
805,1,0.001,0.0001,250,0.9752111619411448,0.9852177658875001,-0.01000660394635533,252,0,0,6.0
806,1,0.001,0.0001,250,0.9752111619411448,0.9851781225621905,-0.00996696062104574,252,0,0,6.0
807,1,0.001,0.0001,250,0.9752111619411448,0.9766469377251668,-0.0014357757840219865,252,0,0,6.0
808,1,0.001,0.0001,250,0.9752111619411448,1.0125623342175045,-0.037351172276359756,252,0,0,6.0
809,1,0.001,0.0001,250,0.9752111619411448,0.9800978577096016,-0.004886695768456795,252,0,0,5.0
810,1,0.001,0.0001,250,0.9752111619411448,0.9827575223493942,-0.0075463604082494085,252,0,0,5.0
811,1,0.001,0.0001,250,0.9752111619411448,0.9988406192457213,-0.02362945730457655,252,0,0,5.0
812,1,0.001,0.0001,250,0.9752111619411448,0.9784737482132572,-0.0032625862721124,252,0,0,5.0
813,1,0.001,0.0001,250,0.9752111619411448,1.0015449128227745,-0.026333750881629703,252,0,0,5.0
814,1,0.001,0.0001,250,0.9752111619411448,1.0008833179103227,-0.025672155969177934,252,0,0,5.0
815,1,0.001,0.0001,250,0.9752111619411448,0.9850928862709557,-0.009881724329810937,252,0,0,5.0
816,1,0.001,0.0001,250,0.9752111619411448,0.9854088320618887,-0.010197670120743907,252,0,0,5.0
817,1,0.001,0.0001,250,0.9752111619411448,0.9821522199618302,-0.006941058020685453,252,0,0,5.0
818,1,0.001,0.0001,250,0.9752111619411448,0.9952424800491091,-0.020031318107964324,252,0,0,5.0
819,1,0.001,0.0001,250,0.9752111619411448,0.9934156908162831,-0.01820452887513835,252,0,0,5.0
820,1,0.001,0.0001,250,0.9752111619411448,0.9783966244725733,-0.0031854625314284846,252,0,0,5.0
821,1,0.001,0.0001,250,0.9752111619411448,1.036825882407472,-0.06161472046632732,252,0,0,5.0
822,1,0.001,0.0001,250,0.9752111619411448,1.0095757187132615,-0.034364556772116694,252,0,0,5.0
823,1,0.001,0.0001,250,0.9752111619411448,0.9822457327650815,-0.00703457082393677,252,0,0,5.0
824,1,0.001,0.0001,250,0.9752111619411448,1.0024132407901751,-0.027202078849030364,252,0,0,5.0
825,1,0.001,0.0001,250,0.9752111619411448,1.0015625000000004,-0.02635133805885559,252,0,0,5.0
826,1,0.001,0.0001,250,0.9752111619411448,0.9824531980461613,-0.007242036105016503,252,0,0,5.0
827,1,0.001,0.0001,250,0.9752111619411448,0.9924473190068845,-0.017236157065739777,252,0,0,4.0
828,1,0.001,0.0001,250,0.9752111619411448,1.0077893259063018,-0.032578163965157,252,0,0,4.0
829,1,0.001,0.0001,250,0.9752111619411448,0.9955849389815917,-0.02037377704044696,252,0,0,4.0
830,1,0.001,0.0001,250,0.9752111619411448,0.9921224637526875,-0.016911301811542767,252,0,0,4.0
831,1,0.001,0.0001,250,0.9752111619411448,1.0136284683561223,-0.03841730641497754,252,0,0,4.0
832,1,0.001,0.0001,250,0.9752111619411448,1.0016023144542119,-0.026391152513067118,252,0,0,4.0
833,1,0.001,0.0001,250,0.9752111619411448,1.0089389067524113,-0.0337277448112665,252,0,0,4.0
834,1,0.001,0.0001,250,0.9752111619411448,1.0001046813499714,-0.02489351940882667,252,0,0,4.0
835,1,0.001,0.0001,250,0.9752111619411448,1.0068947051342134,-0.03168354319306865,252,0,0,4.0
836,1,0.001,0.0001,250,0.9752111619411448,1.01397166796234,-0.038760506021195296,252,0,0,4.0
837,1,0.001,0.0001,250,0.9752111619411448,1.0385464859461093,-0.06333532400496455,252,0,0,4.0
838,1,0.001,0.0001,250,0.9752111619411448,1.0098386715645205,-0.034627509623375685,252,0,0,4.0
839,1,0.001,0.0001,250,0.9752111619411448,1.0218066519994813,-0.04659549005833652,252,0,0,4.0
840,1,0.001,0.0001,250,0.9752111619411448,0.9965030491705407,-0.0212918872293959,252,0,0,4.0
841,1,0.001,0.0001,250,0.9752111619411448,1.008618426808995,-0.033407264867850284,252,0,0,4.0
842,1,0.001,0.0001,250,0.9752111619411448,1.0139306885544903,-0.038719526613345545,252,0,0,4.0
843,1,0.001,0.0001,250,0.9752111619411448,0.9852369145378861,-0.010025752596741322,252,0,0,4.0
844,1,0.001,0.0001,250,0.9752111619411448,0.9979695648456888,-0.022758402904544006,252,0,0,4.0
845,1,0.001,0.0001,250,0.9752111619411448,0.9829418027773372,-0.0077306408361924595,252,0,0,4.0
846,1,0.001,0.0001,250,0.9752111619411448,1.0180529553356537,-0.04284179339450889,252,0,0,4.0
847,1,0.001,0.0001,250,0.9736649780087704,1.021125842208216,-0.04746086419944551,251,1,0,4.0
848,1,0.001,0.0001,250,0.9752111619411448,0.9994537787585488,-0.024242616817404028,252,0,0,4.0
849,1,0.001,0.0001,250,0.9752111619411448,1.0166392016845156,-0.04142803974337084,252,0,0,4.0
850,1,0.001,0.0001,250,0.9752111619411448,0.9933700932125491,-0.018158931271404333,252,0,0,4.0
851,1,0.001,0.0001,250,0.9752111619411448,1.0008590525279202,-0.025647890586775413,252,0,0,3.0
852,1,0.001,0.0001,250,0.9752111619411448,0.996643922387928,-0.021432760446783217,252,0,0,3.0
853,1,0.001,0.0001,250,0.9752111619411448,0.9708055184690677,0.004405643472077059,252,0,0,4.0
854,1,0.001,0.0001,250,0.9752111619411448,0.998529662461643,-0.02331850052049822,252,0,0,4.0
855,1,0.001,0.0001,250,0.9752111619411448,1.0010898268851904,-0.02587866494404567,252,0,0,4.0
856,1,0.001,0.0001,250,0.9752111619411448,0.9891099847274188,-0.013898822786274079,252,0,0,4.0
857,1,0.001,0.0001,250,0.9752111619411448,0.9886521136521148,-0.01344095171097004,252,0,0,4.0
858,1,0.001,0.0001,250,0.9752111619411448,0.9974937875666378,-0.02228262562549299,252,0,0,4.0
859,1,0.001,0.0001,250,0.9752111619411448,1.0165972458347485,-0.041386083893603764,252,0,0,4.0
860,1,0.001,0.0001,250,0.9752111619411448,1.0132005459353408,-0.037989383994196047,252,0,0,4.0
861,1,0.001,0.0001,250,0.9752111619411448,1.024272727272728,-0.049061565331583123,252,0,0,4.0
862,1,0.001,0.0001,250,0.9752111619411448,1.0154134777325354,-0.040202315791390664,252,0,0,3.0
863,1,0.001,0.0001,250,0.9752111619411448,1.0302463704355467,-0.05503520849440191,252,0,0,2.0
864,1,0.001,0.0001,250,0.9752111619411448,0.9810932394007551,-0.005882077459610335,252,0,0,2.0
865,1,0.001,0.0001,250,0.9752111619411448,0.9949337323642593,-0.019722570423114538,252,0,0,2.0
866,1,0.001,0.0001,250,0.9752111619411448,0.9983892224337375,-0.023178060492592745,252,0,0,2.0
867,1,0.001,0.0001,250,0.9752111619411448,0.97921673053192,-0.004005568590775277,252,0,0,2.0
868,1,0.001,0.0001,250,0.9752111619411448,1.0115516502357482,-0.03634048829460346,252,0,0,2.0
869,1,0.001,0.0001,250,0.9752111619411448,1.0142787024229185,-0.039067540481773744,252,0,0,2.0
870,1,0.001,0.0001,250,0.9752111619411448,1.0009039199259226,-0.02569275798477788,252,0,0,2.0
871,1,0.001,0.0001,250,0.9752111619411448,1.0015921565341288,-0.02638099459298404,252,0,0,2.0
872,1,0.001,0.0001,250,0.9752111619411448,1.0133068901541793,-0.03809572821303453,252,0,0,2.0
873,1,0.001,0.0001,250,0.9752111619411448,0.9830461662665434,-0.007835004325398631,252,0,0,2.0
874,1,0.001,0.0001,250,0.9752111619411448,0.9955822744455051,-0.0203711125043603,252,0,0,2.0
875,1,0.001,0.0001,250,0.9752111619411448,0.9821181773723714,-0.006907015431226626,252,0,0,2.0
876,1,0.001,0.0001,250,0.9752111619411448,0.9795454545454538,-0.004334292604309065,252,0,0,2.0
877,1,0.001,0.0001,250,0.9752111619411448,1.0228948816730883,-0.04768371973194352,252,0,0,2.0
878,1,0.001,0.0001,250,0.9752111619411448,1.0235951991271148,-0.048384037185970064,252,0,0,2.0
879,1,0.001,0.0001,250,0.9752111619411448,0.9962580452028141,-0.02104688326166937,252,0,0,2.0
880,1,0.001,0.0001,250,0.9752111619411448,1.0011522426832595,-0.025941080742114764,252,0,0,2.0
881,1,0.001,0.0001,250,0.9752111619411448,1.0210652746338982,-0.04585411269275341,252,0,0,2.0
882,1,0.001,0.0001,250,0.9752111619411448,0.9992189243472429,-0.024007762406098143,252,0,0,2.0
883,1,0.001,0.0001,250,0.9752111619411448,1.0006277332552167,-0.025416571314071934,252,0,0,2.0
884,1,0.001,0.0001,250,0.9752111619411448,0.9761764838840906,-0.0009653219429458515,252,0,0,2.0
885,1,0.001,0.0001,250,0.9752111619411448,1.0125645918651804,-0.037353429924035675,252,0,0,2.0
886,1,0.001,0.0001,250,0.9752111619411448,0.9844814284139759,-0.009270266472831135,252,0,0,2.0
887,1,0.001,0.0001,250,0.9752111619411448,0.9975063938618917,-0.022295231920746894,252,0,0,2.0
888,1,0.001,0.0001,250,0.9752111619411448,0.9728079442214229,0.0024032177197218507,252,0,0,3.0
889,1,0.001,0.0001,250,0.9752111619411448,0.9850752772512364,-0.009864115310091681,252,0,0,3.0
890,1,0.001,0.0001,250,0.9752111619411448,1.002124691490503,-0.026913529549358328,252,0,0,3.0
891,1,0.001,0.0001,250,0.9752111619411448,0.9921714410671337,-0.016960279125988964,252,0,0,3.0
892,1,0.001,0.0001,250,0.9752111619411448,1.020577388875554,-0.04536622693440928,252,0,0,3.0
893,1,0.001,0.0001,250,0.9752111619411448,1.0079252699875318,-0.03271410804638708,252,0,0,3.0
894,1,0.001,0.0001,250,0.9752111619411448,1.0113123173647398,-0.036101155423595044,252,0,0,3.0
895,1,0.001,0.0001,250,0.9752111619411448,1.0280180931887042,-0.05280693124755942,252,0,0,3.0
896,1,0.001,0.0001,250,0.9752111619411448,1.002318409018398,-0.027107247077253316,252,0,0,3.0
897,1,0.001,0.0001,250,0.9752111619411448,0.9940455584019916,-0.018834396460846836,252,0,0,2.0
898,1,0.001,0.0001,250,0.9752111619411448,1.0142813602124767,-0.03907019827133196,252,0,0,2.0
899,1,0.001,0.0001,250,0.9752111619411448,0.9816784112748257,-0.0064672493336809245,252,0,0,2.0
900,1,0.001,0.0001,250,0.9752111619411448,0.9834271485069787,-0.008215986565833888,252,0,0,2.0
901,1,0.001,0.0001,250,0.9752111619411448,0.9815654341146898,-0.006354272173545006,252,0,0,2.0
902,1,0.001,0.0001,250,0.9752111619411448,1.0044637694567136,-0.029252607515568796,252,0,0,2.0
903,1,0.001,0.0001,250,0.9752111619411448,0.9728248763754618,0.0023862855656829884,252,0,0,3.0
904,1,0.001,0.0001,250,0.9752111619411448,0.9843369446544041,-0.009125782713259367,252,0,0,3.0
905,1,0.001,0.0001,250,0.9752111619411448,1.0115255287142735,-0.036314366773128715,252,0,0,3.0
906,1,0.001,0.0001,250,0.9752111619411448,1.0021744746813661,-0.026963312740221346,252,0,0,3.0
907,1,0.001,0.0001,250,0.9752111619411448,1.0049793993874907,-0.029768237446345935,252,0,0,3.0
908,1,0.001,0.0001,250,0.9752111619411448,0.9816962789138443,-0.0064851169726994895,252,0,0,3.0
909,1,0.001,0.0001,250,0.9752111619411448,1.01138250990987,-0.03617134796872534,252,0,0,3.0
910,1,0.001,0.0001,250,0.9752111619411448,0.9980767152890294,-0.02286555334788465,252,0,0,3.0
911,1,0.001,0.0001,250,0.9752111619411448,1.02398326854441,-0.04877210660326514,252,0,0,3.0
912,1,0.001,0.0001,250,0.9752111619411448,0.9942595917004136,-0.019048429759268792,252,0,0,3.0
913,1,0.001,0.0001,250,0.9752111619411448,1.0025225452481534,-0.027311383307008663,252,0,0,3.0
914,1,0.001,0.0001,250,0.9752111619411448,0.9984481292516996,-0.0232369673105548,252,0,0,3.0
915,1,0.001,0.0001,250,0.9752111619411448,0.9956664271600505,-0.020455265218905727,252,0,0,3.0
916,1,0.001,0.0001,250,0.9752111619411448,1.0027717117419794,-0.027560549800834666,252,0,0,3.0
917,1,0.001,0.0001,250,0.9752111619411448,1.007765968641481,-0.03255480670033628,252,0,0,3.0
918,1,0.001,0.0001,250,0.9752111619411448,0.9959688903494365,-0.02075772840829171,252,0,0,3.0
919,1,0.001,0.0001,250,0.9752111619411448,1.0025404157043887,-0.02732925376324391,252,0,0,3.0
920,1,0.001,0.0001,250,0.9752111619411448,0.989240561136128,-0.01402939919498325,252,0,0,3.0
921,1,0.001,0.0001,250,0.9752111619411448,0.9883954718300617,-0.013184309888916945,252,0,0,3.0
922,1,0.001,0.0001,250,0.9752111619411448,1.002202210932561,-0.026991048991416244,252,0,0,3.0
923,1,0.001,0.0001,250,0.9752111619411448,1.011421264791296,-0.03621010285015114,252,0,0,3.0
924,1,0.001,0.0001,250,0.9752111619411448,1.0219717817673541,-0.04676061982620938,252,0,0,3.0
925,1,0.001,0.0001,250,0.9752111619411448,0.9907694999781265,-0.0155583380369817,252,0,0,3.0
926,1,0.001,0.0001,250,0.9752111619411448,1.0021021506618322,-0.026890988720687403,252,0,0,3.0
927,1,0.001,0.0001,250,0.9752111619411448,0.9846542737623876,-0.0094431118212428,252,0,0,3.0
928,1,0.001,0.0001,250,0.9752111619411448,0.9965517979910491,-0.021340636049904327,252,0,0,3.0
929,1,0.001,0.0001,250,0.9752111619411448,0.9860759493670878,-0.01086478742594299,252,0,0,3.0
930,1,0.001,0.0001,250,0.9752111619411448,1.002731269707334,-0.027520107766189295,252,0,0,3.0
931,1,0.001,0.0001,250,0.9752111619411448,0.9913713735146134,-0.016160211573468586,252,0,0,3.0
932,1,0.001,0.0001,250,0.9752111619411448,1.0028612615760937,-0.02765009963494891,252,0,0,3.0
933,1,0.001,0.0001,250,0.9752111619411448,1.0325777473679565,-0.05736658542681172,252,0,0,3.0
934,1,0.001,0.0001,250,0.9752111619411448,1.0173305350613393,-0.042119373120194536,252,0,0,3.0
935,1,0.001,0.0001,250,0.9752111619411448,0.9809629003963349,-0.00575173845519017,252,0,0,3.0
936,1,0.001,0.0001,250,0.9752111619411448,1.0028999516674728,-0.027688789726328045,252,0,0,3.0
937,1,0.001,0.0001,250,0.9752111619411448,1.0131174509719052,-0.03790628903076043,252,0,0,3.0
938,1,0.001,0.0001,250,0.9752111619411448,0.9850123642619099,-0.00980120232076509,252,0,0,3.0
939,1,0.001,0.0001,250,0.9752111619411448,1.0007352434345047,-0.02552408149335994,252,0,0,3.0
940,1,0.001,0.0001,250,0.9752111619411448,1.0141337483212156,-0.038922586380070845,252,0,0,3.0
941,1,0.001,0.0001,250,0.9752111619411448,0.9766979255470299,-0.0014867636058851774,252,0,0,3.0
942,1,0.001,0.0001,250,0.9752111619411448,0.9928236153124017,-0.017612453371256942,252,0,0,3.0
943,1,0.001,0.0001,250,0.9752111619411448,1.03107915652134,-0.0558679945801952,252,0,0,3.0
944,1,0.001,0.0001,250,0.9752111619411448,1.0467559265598982,-0.07154476461875348,252,0,0,3.0
945,1,0.001,0.0001,250,0.9752111619411448,1.0160313580410032,-0.04082019609985843,252,0,0,3.0
946,1,0.001,0.0001,250,0.9752111619411448,0.9942583931852347,-0.019047231244089913,252,0,0,3.0
947,1,0.001,0.0001,250,0.9752111619411448,1.002876036527764,-0.02766487458661926,252,0,0,3.0
948,1,0.001,0.0001,250,0.9752111619411448,1.0029202907685193,-0.02770912882737453,252,0,0,3.0
949,1,0.001,0.0001,250,0.9752111619411448,1.0137545867854403,-0.038543424844295515,252,0,0,3.0
950,1,0.001,0.0001,250,0.9752111619411448,0.9844822242883072,-0.009271062347162462,252,0,0,3.0
951,1,0.001,0.0001,250,0.9752111619411448,1.012823536980252,-0.037612375039107304,252,0,0,3.0
952,1,0.001,0.0001,250,0.9752111619411448,1.003547127718906,-0.02833596577776132,252,0,0,3.0
953,1,0.001,0.0001,250,0.9752111619411448,1.016069605362454,-0.04085844342130929,252,0,0,2.0
954,1,0.001,0.0001,250,0.9752111619411448,0.9812629354000628,-0.006051773458918053,252,0,0,2.0
955,1,0.001,0.0001,250,0.9752111619411448,0.9943928669914518,-0.01918170505030703,252,0,0,2.0
956,1,0.001,0.0001,250,0.9752111619411448,1.0164052870925224,-0.04119412515137766,252,0,0,2.0
957,1,0.001,0.0001,250,0.9752111619411448,1.0089613213556186,-0.03375015941447379,252,0,0,2.0
958,1,0.001,0.0001,250,0.9752111619411448,1.0149304666837315,-0.03971930474258678,252,0,0,2.0
959,1,0.001,0.0001,250,0.9752111619411448,1.003194207836455,-0.02798304589531031,252,0,0,2.0
960,1,0.001,0.0001,250,0.9752111619411448,0.9884357363433061,-0.013224574402161293,252,0,0,2.0
961,1,0.001,0.0001,250,0.9752111619411448,0.989849599441182,-0.014638437500037238,252,0,0,2.0
962,1,0.001,0.0001,250,0.9752111619411448,0.9766851493085696,-0.0014739873674248782,252,0,0,2.0
963,1,0.001,0.0001,250,0.9752111619411448,0.9751914572322287,1.9704708916101765e-05,252,0,0,3.0
964,1,0.001,0.0001,250,0.9752111619411448,1.00207529766896,-0.026864135727815208,252,0,0,3.0
965,1,0.001,0.0001,250,0.9752111619411448,0.9590359337751245,0.01617522816602024,252,0,0,4.0
966,1,0.001,0.0001,250,0.9752111619411448,0.9734115260813976,0.001799635859747184,252,0,0,5.0
967,1,0.001,0.0001,250,0.9752111619411448,0.9915064624742036,-0.016295300533058832,252,0,0,5.0
968,1,0.001,0.0001,250,0.9752111619411448,0.9938113529662816,-0.01860019102513688,252,0,0,5.0
969,1,0.001,0.0001,250,0.9752111619411448,0.9862205562891331,-0.01100939434798831,252,0,0,5.0
970,1,0.001,0.0001,250,0.9752111619411448,0.9841651542649715,-0.008953992323826765,252,0,0,5.0
971,1,0.001,0.0001,250,0.9752111619411448,0.9896620957751294,-0.014450933833984658,252,0,0,5.0
972,1,0.001,0.0001,250,0.9752111619411448,1.0008794886095498,-0.025668326668405017,252,0,0,5.0
973,1,0.001,0.0001,250,0.9752111619411448,1.0204095516701832,-0.045198389729038446,252,0,0,5.0
974,1,0.001,0.0001,250,0.9752111619411448,0.9776872373557468,-0.0024760754146020414,252,0,0,5.0
975,1,0.001,0.0001,250,0.9752111619411448,0.9950946509398201,-0.019883488998675314,252,0,0,5.0
976,1,0.001,0.0001,250,0.9752111619411448,0.9949784491777208,-0.01976728723657606,252,0,0,5.0
977,1,0.001,0.0001,250,0.9752111619411448,0.9821522199618302,-0.006941058020685453,252,0,0,5.0
978,1,0.001,0.0001,250,0.9752111619411448,0.991838838537864,-0.016627676596719265,252,0,0,5.0
979,1,0.001,0.0001,250,0.9752111619411448,0.9950937636284343,-0.019882601687289503,252,0,0,5.0
980,1,0.001,0.0001,250,0.9752111619411448,1.0080439680768174,-0.03283280613567263,252,0,0,5.0
981,1,0.001,0.0001,250,0.9752111619411448,0.9960625798479482,-0.02085141790680345,252,0,0,5.0
982,1,0.001,0.0001,250,0.9752111619411448,1.011023979997726,-0.03581281805658132,252,0,0,5.0
983,1,0.001,0.0001,250,0.9752111619411448,1.0197869780293223,-0.04457581608817751,252,0,0,5.0
984,1,0.001,0.0001,250,0.9752111619411448,0.9712917594654776,0.003919402475667133,252,0,0,6.0
985,1,0.001,0.0001,250,0.9752111619411448,1.0069838964589288,-0.03177273451778406,252,0,0,6.0
986,1,0.001,0.0001,250,0.9752111619411448,0.9896992360457927,-0.014488074104647919,252,0,0,6.0
987,1,0.001,0.0001,250,0.9752111619411448,1.0024475896562737,-0.027236427715128908,252,0,0,6.0
988,1,0.001,0.0001,250,0.9752111619411448,1.0011113248274242,-0.025900162886279388,252,0,0,5.0
989,1,0.001,0.0001,250,0.9752111619411448,0.9783414203793566,-0.003130258438211797,252,0,0,5.0
990,1,0.001,0.0001,250,0.9752111619411448,1.001090900995169,-0.025879739054024187,252,0,0,5.0
991,1,0.001,0.0001,250,0.9752111619411448,1.0327902802706048,-0.057579118329460055,252,0,0,5.0
992,1,0.001,0.0001,250,0.9752111619411448,1.0127944624316203,-0.037583300490475535,252,0,0,5.0
993,1,0.001,0.0001,250,0.9752111619411448,0.9943882042253518,-0.019177042284207024,252,0,0,5.0
994,1,0.001,0.0001,250,0.9752111619411448,1.0238848220801917,-0.04867366013904695,252,0,0,5.0
995,1,0.001,0.0001,250,0.9752111619411448,0.9998325624228201,-0.024621400481675382,252,0,0,5.0
996,1,0.001,0.0001,250,0.9752111619411448,1.004291394071988,-0.02908023213084321,252,0,0,5.0
997,1,0.001,0.0001,250,0.9752111619411448,1.0007100224100813,-0.02549886046893657,252,0,0,5.0
998,1,0.001,0.0001,250,0.9752111619411448,1.0014305846180125,-0.02621942267686772,252,0,0,5.0
999,1,0.001,0.0001,250,0.9752111619411448,1.0074526180533239,-0.0322414561121791,252,0,0,5.0
1000,1,0.001,0.0001,250,0.9752111619411448,1.0202801315703487,-0.045068969629203925,252,0,0,5.0
